<?xml version="1.0" encoding="UTF-8"?>
<spirit:component xmlns:spirit="http://www.spiritconsortium.org/XMLSchema/SPIRIT/1.4" xmlns:xsi="http://www.w3.org/2001/XMLSchema-instance">
	<spirit:vendor>ZedBoard.org</spirit:vendor>
	<spirit:library>bsb_lib.components</spirit:library>
	<spirit:name>bsb_component</spirit:name>
	<spirit:version>C</spirit:version>
	<spirit:busInterfaces>
		<spirit:busInterface spirit:service="requestor">
			<spirit:name>clock_0</spirit:name>
			<spirit:busType spirit:vendor="xilinx.com" spirit:library="bsb_lib.busdefs" spirit:name="ref_clock" spirit:version="1.0"/>
			<spirit:master>
			</spirit:master>
			<spirit:parameters>
				<spirit:parameter>
					<spirit:name>frequency</spirit:name>
					<spirit:value spirit:format="long" spirit:resolve="immediate" spirit:id="refclk_frequency_0" spirit:minimum="100000000" spirit:maximum="100000000" spirit:rangeType="int">100000000</spirit:value>
				</spirit:parameter>
			</spirit:parameters>
		</spirit:busInterface>
		<spirit:busInterface spirit:service="requestor">
			<spirit:name>reset_0</spirit:name>
			<spirit:busType spirit:vendor="xilinx.com" spirit:library="bsb_lib.busdefs" spirit:name="ref_reset" spirit:version="1.0"/>
			<spirit:master>
			</spirit:master>
			<spirit:parameters>
				<spirit:parameter>
					<spirit:name>RST_POLARITY</spirit:name>
					<spirit:value spirit:format="string" spirit:resolve="immediate" spirit:id="reset_polarity">1</spirit:value>
				</spirit:parameter>
			</spirit:parameters>
		</spirit:busInterface>
		<spirit:busInterface spirit:service="requestor">
			<spirit:name>BTNs_5Bits</spirit:name>
			<spirit:busType spirit:vendor="xilinx.com" spirit:library="bsb_lib.busdefs" spirit:name="gpio" spirit:version="1.0"/>
			<spirit:master>
			</spirit:master>
			<spirit:parameters>
				<spirit:parameter>
					<spirit:name>C_GPIO_WIDTH</spirit:name>
					<spirit:value spirit:format="string" spirit:resolve="immediate" spirit:id="BTNs_5Bits_GPIO_WIDTH_ID">5</spirit:value>
				</spirit:parameter>
				<spirit:parameter>
					<spirit:name>C_ALL_INPUTS</spirit:name>
					<spirit:value spirit:format="string" spirit:resolve="immediate" spirit:id="BTNs_5Bits_ALL_INPUTS_ID">1</spirit:value>
				</spirit:parameter>
				<spirit:parameter>
					<spirit:name>C_IS_DUAL</spirit:name>
					<spirit:value spirit:format="string" spirit:resolve="immediate" spirit:id="BTNs_5Bits_IS_DUAL_ID">0</spirit:value>
				</spirit:parameter>
			</spirit:parameters>
		</spirit:busInterface>
		<spirit:busInterface spirit:service="requestor">
			<spirit:name>SWs_8Bits</spirit:name>
			<spirit:busType spirit:vendor="xilinx.com" spirit:library="bsb_lib.busdefs" spirit:name="gpio" spirit:version="1.0"/>
			<spirit:master>
			</spirit:master>
			<spirit:parameters>
				<spirit:parameter>
					<spirit:name>C_GPIO_WIDTH</spirit:name>
					<spirit:value spirit:format="string" spirit:resolve="immediate" spirit:id="SWs_8Bits_GPIO_WIDTH_ID">8</spirit:value>
				</spirit:parameter>
				<spirit:parameter>
					<spirit:name>C_ALL_INPUTS</spirit:name>
					<spirit:value spirit:format="string" spirit:resolve="immediate" spirit:id="SWs_8Bits_ALL_INPUTS_ID">1</spirit:value>
				</spirit:parameter>
				<spirit:parameter>
					<spirit:name>C_IS_DUAL</spirit:name>
					<spirit:value spirit:format="string" spirit:resolve="immediate" spirit:id="SWs_8Bits_IS_DUAL_ID">0</spirit:value>
				</spirit:parameter>
			</spirit:parameters>
		</spirit:busInterface>
		<spirit:busInterface spirit:service="requestor">
			<spirit:name>LEDs_8Bits</spirit:name>
			<spirit:busType spirit:vendor="xilinx.com" spirit:library="bsb_lib.busdefs" spirit:name="gpio" spirit:version="1.0"/>
			<spirit:master>
			</spirit:master>
			<spirit:parameters>
				<spirit:parameter>
					<spirit:name>C_GPIO_WIDTH</spirit:name>
					<spirit:value spirit:format="string" spirit:resolve="immediate" spirit:id="LEDs_8Bits_GPIO_WIDTH_ID">8</spirit:value>
				</spirit:parameter>
				<spirit:parameter>
					<spirit:name>C_ALL_INPUTS</spirit:name>
					<spirit:value spirit:format="string" spirit:resolve="immediate" spirit:id="LEDs_8Bits_ALL_INPUTS_ID">0</spirit:value>
				</spirit:parameter>
				<spirit:parameter>
					<spirit:name>C_IS_DUAL</spirit:name>
					<spirit:value spirit:format="string" spirit:resolve="immediate" spirit:id="LEDs_8Bits_IS_DUAL_ID">0</spirit:value>
				</spirit:parameter>
			</spirit:parameters>
		</spirit:busInterface>
	</spirit:busInterfaces>
</spirit:component>
