<?xml version="1.0" encoding="UTF-8"?>
<spirit:component xmlns:spirit="http://www.spiritconsortium.org/XMLSchema/SPIRIT/1.4" xmlns:xsi="http://www.w3.org/2001/XMLSchema-instance">
	<spirit:vendor>ZedBoard.org</spirit:vendor>
	<spirit:library>bsb_lib.boards</spirit:library>
	<spirit:name>ZedBoard</spirit:name>
	<spirit:version>C</spirit:version>
	<spirit:busInterfaces>
		<spirit:busInterface>
			<spirit:name>clock_0</spirit:name>
			<spirit:busType spirit:vendor="xilinx.com" spirit:library="bsb_lib.rtl_busdefs" spirit:name="clock" spirit:version="1.0"/>
			<spirit:abstractionType spirit:vendor="xilinx.com" spirit:library="bsb_lib.rtl_busdefs" spirit:name="clock_rtl" spirit:version="1.0"/>
			<spirit:master>
			</spirit:master>
			<spirit:portMaps>
				<spirit:portMap>
					<spirit:logicalPort>
						<spirit:name>CLK</spirit:name>
					</spirit:logicalPort>
					<spirit:physicalPort>
						<spirit:name>CLK_P</spirit:name>
					</spirit:physicalPort>
				</spirit:portMap>
				<spirit:portMap>
					<spirit:logicalPort>
						<spirit:name>CLK</spirit:name>
					</spirit:logicalPort>
					<spirit:physicalPort>
						<spirit:name>CLK_N</spirit:name>
					</spirit:physicalPort>
				</spirit:portMap>
			</spirit:portMaps>
			<spirit:parameters>
				<spirit:parameter>
					<spirit:name>frequency</spirit:name>
					<spirit:value spirit:format="long" spirit:resolve="immediate" spirit:id="refclk_frequency_0" spirit:minimum="100000000" spirit:maximum="100000000" spirit:rangeType="int">100000000</spirit:value>
				</spirit:parameter>
			</spirit:parameters>
		</spirit:busInterface>
		<spirit:busInterface>
			<spirit:name>reset_0</spirit:name>
			<spirit:busType spirit:vendor="xilinx.com" spirit:library="bsb_lib.rtl_busdefs" spirit:name="reset" spirit:version="1.0"/>
			<spirit:abstractionType spirit:vendor="xilinx.com" spirit:library="bsb_lib.rtl_busdefs" spirit:name="reset_rtl" spirit:version="1.0"/>
			<spirit:master>
			</spirit:master>
			<spirit:portMaps>
				<spirit:portMap>
					<spirit:logicalPort>
						<spirit:name>RESET</spirit:name>
					</spirit:logicalPort>
					<spirit:physicalPort>
						<spirit:name>RESET</spirit:name>
					</spirit:physicalPort>
				</spirit:portMap>
			</spirit:portMaps>
			<spirit:parameters>
				<spirit:parameter>
					<spirit:name>RST_POLARITY</spirit:name>
					<spirit:value spirit:format="string" spirit:resolve="immediate" spirit:id="reset_polarity">1</spirit:value>
				</spirit:parameter>
			</spirit:parameters>
		</spirit:busInterface>
		<spirit:busInterface>
			<spirit:name>BTNs_5Bits</spirit:name>
			<spirit:busType spirit:vendor="xilinx.com" spirit:library="bsb_lib.rtl_busdefs" spirit:name="gpio" spirit:version="1.0"/>
			<spirit:abstractionType spirit:vendor="xilinx.com" spirit:library="bsb_lib.rtl_busdefs" spirit:name="gpio_rtl" spirit:version="1.0"/>
			<spirit:master>
			</spirit:master>
			<spirit:portMaps>
				<spirit:portMap>
					<spirit:logicalPort>
						<spirit:name>TRI_IO</spirit:name>
					</spirit:logicalPort>
					<spirit:physicalPort>
						<spirit:name>BTNs_5Bits_TRI_IO</spirit:name>
					</spirit:physicalPort>
				</spirit:portMap>
			</spirit:portMaps>
		</spirit:busInterface>
		<spirit:busInterface>
			<spirit:name>SWs_8Bits</spirit:name>
			<spirit:busType spirit:vendor="xilinx.com" spirit:library="bsb_lib.rtl_busdefs" spirit:name="gpio" spirit:version="1.0"/>
			<spirit:abstractionType spirit:vendor="xilinx.com" spirit:library="bsb_lib.rtl_busdefs" spirit:name="gpio_rtl" spirit:version="1.0"/>
			<spirit:master>
			</spirit:master>
			<spirit:portMaps>
				<spirit:portMap>
					<spirit:logicalPort>
						<spirit:name>TRI_IO</spirit:name>
					</spirit:logicalPort>
					<spirit:physicalPort>
						<spirit:name>SWs_8Bits_TRI_IO</spirit:name>
					</spirit:physicalPort>
				</spirit:portMap>
			</spirit:portMaps>
		</spirit:busInterface>
		<spirit:busInterface>
			<spirit:name>LEDs_8Bits</spirit:name>
			<spirit:busType spirit:vendor="xilinx.com" spirit:library="bsb_lib.rtl_busdefs" spirit:name="gpio" spirit:version="1.0"/>
			<spirit:abstractionType spirit:vendor="xilinx.com" spirit:library="bsb_lib.rtl_busdefs" spirit:name="gpio_rtl" spirit:version="1.0"/>
			<spirit:master>
			</spirit:master>
			<spirit:portMaps>
				<spirit:portMap>
					<spirit:logicalPort>
						<spirit:name>TRI_O</spirit:name>
					</spirit:logicalPort>
					<spirit:physicalPort>
						<spirit:name>LEDs_8Bits_TRI_IO</spirit:name>
					</spirit:physicalPort>
				</spirit:portMap>
			</spirit:portMaps>
		</spirit:busInterface>
	</spirit:busInterfaces>
	<spirit:model>
		<spirit:ports>
			<spirit:port>
				<spirit:name>CLK_P</spirit:name>
				<spirit:wire>
					<spirit:direction>in</spirit:direction>
				</spirit:wire>
			</spirit:port>
			<spirit:port>
				<spirit:name>CLK_N</spirit:name>
				<spirit:wire>
					<spirit:direction>in</spirit:direction>
				</spirit:wire>
			</spirit:port>
			<spirit:port>
				<spirit:name>RESET</spirit:name>
				<spirit:wire>
					<spirit:direction>in</spirit:direction>
				</spirit:wire>
			</spirit:port>
			<spirit:port>
				<spirit:name>BTNs_5Bits_TRI_IO</spirit:name>
				<spirit:wire>
					<spirit:direction>inout</spirit:direction>
					<spirit:vector>
						<spirit:left>4</spirit:left>
						<spirit:right>0</spirit:right>
					</spirit:vector>
				</spirit:wire>
			</spirit:port>
			<spirit:port>
				<spirit:name>SWs_8Bits_TRI_IO</spirit:name>
				<spirit:wire>
					<spirit:direction>inout</spirit:direction>
					<spirit:vector>
						<spirit:left>7</spirit:left>
						<spirit:right>0</spirit:right>
					</spirit:vector>
				</spirit:wire>
			</spirit:port>
			<spirit:port>
				<spirit:name>LEDs_8Bits_TRI_IO</spirit:name>
				<spirit:wire>
					<spirit:direction>out</spirit:direction>
					<spirit:vector>
						<spirit:left>7</spirit:left>
						<spirit:right>0</spirit:right>
					</spirit:vector>
				</spirit:wire>
			</spirit:port>
		</spirit:ports>
	</spirit:model>
	<spirit:description>&apos;The ZedBoard utilizes a Xilinx Zynq-7000 EPP XC7Z020-1CLG484 device. The board is a community-based development board, supported through the www.zedboard.org website.  The ZedBoard contains a Zynq-based processing system that includes Micron 512 MB DDR3, Spansion 256 Mb Quad-SPI Flash, Marvel 10/100/100  Ethernet PHY, TI USB OTG PHY, Cypress USB-UART bridge, 4 GB SD Card, Maxim power circuitry, 1 LED, and 2 push buttons.  The PL has 8 LEDs, 8 slide switches, 5 push buttons, and several other peripherals not supported in BSB.&apos;</spirit:description>
	<spirit:parameters>
		<spirit:parameter>
			<spirit:name>ARCH_SUPPORT_MAP</spirit:name>
			<spirit:value></spirit:value>
		</spirit:parameter>
		<spirit:parameter>
			<spirit:name>HDL</spirit:name>
			<spirit:value>MIXED</spirit:value>
		</spirit:parameter>
		<spirit:parameter>
			<spirit:name>IMP_NETLIST</spirit:name>
			<spirit:value>FALSE</spirit:value>
		</spirit:parameter>
		<spirit:parameter>
			<spirit:name>IP_GROUP</spirit:name>
			<spirit:value>USER</spirit:value>
		</spirit:parameter>
		<spirit:parameter>
			<spirit:name>IPTYPE</spirit:name>
			<spirit:value>PERIPHERAL</spirit:value>
		</spirit:parameter>
		<spirit:parameter>
			<spirit:name>RUN_NGCBUILD</spirit:name>
			<spirit:value>FALSE</spirit:value>
		</spirit:parameter>
		<spirit:parameter>
			<spirit:name>STYLE</spirit:name>
			<spirit:value>HDL</spirit:value>
		</spirit:parameter>
		<spirit:parameter>
			<spirit:name>TCL_FILE</spirit:name>
			<spirit:value>zedboard_v2_1_0.tcl</spirit:value>
		</spirit:parameter>
		<spirit:parameter>
			<spirit:name>TOP</spirit:name>
			<spirit:value>zedboard</spirit:value>
		</spirit:parameter>
		<spirit:parameter>
			<spirit:name>VLNV</spirit:name>
			<spirit:value>ZedBoard.org|bsb_lib.boards|ZedBoard|C</spirit:value>
		</spirit:parameter>
		<spirit:parameter>
			<spirit:name>FAMILY</spirit:name>
			<spirit:value>zynq</spirit:value>
		</spirit:parameter>
		<spirit:parameter>
			<spirit:name>DEVICE</spirit:name>
			<spirit:value>xc7z020</spirit:value>
		</spirit:parameter>
		<spirit:parameter>
			<spirit:name>PACKAGE</spirit:name>
			<spirit:value>clg484</spirit:value>
		</spirit:parameter>
		<spirit:parameter>
			<spirit:name>SPEED_GRADE</spirit:name>
			<spirit:value>-1</spirit:value>
		</spirit:parameter>
		<spirit:parameter>
			<spirit:name>JTAG_POSITION</spirit:name>
			<spirit:value>2</spirit:value>
		</spirit:parameter>
		<spirit:parameter>
			<spirit:name>SPEC_URL</spirit:name>
			<spirit:value>www.zedboard.org</spirit:value>
		</spirit:parameter>
		<spirit:parameter>
			<spirit:name>CONTACT_INFO_URL</spirit:name>
			<spirit:value>http://www.zedboard.org/forum</spirit:value>
		</spirit:parameter>
		<spirit:parameter>
			<spirit:name>VendorName</spirit:name>
			<spirit:value>Avnet</spirit:value>
		</spirit:parameter>
		<spirit:parameter>
			<spirit:name>DisplayName</spirit:name>
			<spirit:value>ZedBoard Zynq Evaluation and Development Kit</spirit:value>
		</spirit:parameter>
		<spirit:parameter>
			<spirit:name>LONG_DESC</spirit:name>
			<spirit:value>&apos;The ZedBoard utilizes a Xilinx Zynq-7000 EPP XC7Z020-1CLG484 device. The board is a community-based development board, supported through the www.zedboard.org website.  The ZedBoard contains a Zynq-based processing system that includes Micron 512 MB DDR3, Spansion 256 Mb Quad-SPI Flash, Marvel 10/100/100  Ethernet PHY, TI USB OTG PHY, Cypress USB-UART bridge, 4 GB SD Card, Maxim power circuitry, 1 LED, and 2 push buttons.  The PL has 8 LEDs, 8 slide switches, 5 push buttons, and several other peripherals not supported in BSB.&apos;</spirit:value>
		</spirit:parameter>
	</spirit:parameters>
</spirit:component>
