<?xml version="1.0" encoding="UTF-8"?>
<!-- Product Version: Vivado v2016.4 (64-bit)                     -->
<!--                                                              -->
<!-- Copyright 1986-2016 Xilinx, Inc. All Rights Reserved.        -->

<hwsession version="1" minor="2">
  <device name="xc7z020_1" gui_info="dashboard1=hw_ila_1[xc7z020_1/hw_ila_1/Waveform=ILA_WAVE_1;xc7z020_1/hw_ila_1/Capture Setup=ILA_CAPTURE_1;xc7z020_1/hw_ila_1/Status=ILA_STATUS_1;xc7z020_1/hw_ila_1/Trigger Setup=ILA_TRIGGER_1;xc7z020_1/hw_ila_1/Settings=ILA_SETTINGS_1;]"/>
  <ObjectList object_type="hw_device" gui_info="">
    <Object name="xc7z020_1" gui_info="">
      <Properties Property="PROBES.FILE" value="$_project_name_.runs/impl_1/debug_nets.ltx"/>
      <Properties Property="PROGRAM.HW_BITSTREAM" value="$_project_name_.runs/impl_1/design_1_wrapper.bit"/>
    </Object>
  </ObjectList>
  <ObjectList object_type="hw_ila" gui_info="">
    <Object name="design_1_i/ila_0" gui_info="">
      <Properties Property="CONTROL.DATA_DEPTH" value="8192"/>
      <Properties Property="CONTROL.TRIGGER_CONDITION" value="AND"/>
      <Properties Property="CONTROL.TRIGGER_MODE" value="BASIC_ONLY"/>
      <Properties Property="CONTROL.WINDOW_COUNT" value="1"/>
      <Properties Property="CORE_REFRESH_RATE_MS" value="500"/>
    </Object>
    <Object name="design_1_i/ila_1" gui_info="">
      <Properties Property="CONTROL.TRIGGER_CONDITION" value="AND"/>
      <Properties Property="CORE_REFRESH_RATE_MS" value="500"/>
    </Object>
    <Object name="hw_ila_1" gui_info="">
      <Properties Property="CONTROL.TRIGGER_CONDITION" value="AND"/>
      <Properties Property="CORE_REFRESH_RATE_MS" value="500"/>
    </Object>
  </ObjectList>
  <ObjectList object_type="hw_probe" gui_info="">
    <Object name="design_1_i/UPAC_0_CHANNEL_OUT[63:0]" gui_info=""/>
  </ObjectList>
  <ObjectList object_type="hw_sysmon" gui_info="">
    <Object name="XADC" gui_info="dashboard_1=[TEMPERATURE=-65281;SCAN_RATE=1000;TRACK_TIME=1;]"/>
  </ObjectList>
  <probeset name="hw project" active="false">
    <probe type="ila" busType="bus" source="netlist" spec="ILA_V2_RT">
      <probeOptions Id="DebugProbeParams">
        <Option Id="CAPTURE_COMPARE_VALUE" value="eq64&apos;hXXXX_XXXX_XXXX_XXXX"/>
        <Option Id="COMPARE_VALUE.0" value="eq64&apos;hXXXX_XXXX_XXXX_XXXX"/>
        <Option Id="DISPLAY_HINT" value=""/>
        <Option Id="DISPLAY_VISIBILITY" value=""/>
        <Option Id="HW_ILA" value="hw_ila_1"/>
        <Option Id="MAP" value="probe4[63:0]"/>
        <Option Id="NAME.CUSTOM" value=""/>
        <Option Id="NAME.SELECT" value="Long"/>
        <Option Id="SOURCE" value="netlist"/>
        <Option Id="TRIGGER_COMPARE_VALUE" value="eq64&apos;hXXXX_XXXX_XXXX_XXXX"/>
      </probeOptions>
      <nets>
        <net name="design_1_i/ChannelOutputEnable_0_Phases_out[63]"/>
        <net name="design_1_i/ChannelOutputEnable_0_Phases_out[62]"/>
        <net name="design_1_i/ChannelOutputEnable_0_Phases_out[61]"/>
        <net name="design_1_i/ChannelOutputEnable_0_Phases_out[60]"/>
        <net name="design_1_i/ChannelOutputEnable_0_Phases_out[59]"/>
        <net name="design_1_i/ChannelOutputEnable_0_Phases_out[58]"/>
        <net name="design_1_i/ChannelOutputEnable_0_Phases_out[57]"/>
        <net name="design_1_i/ChannelOutputEnable_0_Phases_out[56]"/>
        <net name="design_1_i/ChannelOutputEnable_0_Phases_out[55]"/>
        <net name="design_1_i/ChannelOutputEnable_0_Phases_out[54]"/>
        <net name="design_1_i/ChannelOutputEnable_0_Phases_out[53]"/>
        <net name="design_1_i/ChannelOutputEnable_0_Phases_out[52]"/>
        <net name="design_1_i/ChannelOutputEnable_0_Phases_out[51]"/>
        <net name="design_1_i/ChannelOutputEnable_0_Phases_out[50]"/>
        <net name="design_1_i/ChannelOutputEnable_0_Phases_out[49]"/>
        <net name="design_1_i/ChannelOutputEnable_0_Phases_out[48]"/>
        <net name="design_1_i/ChannelOutputEnable_0_Phases_out[47]"/>
        <net name="design_1_i/ChannelOutputEnable_0_Phases_out[46]"/>
        <net name="design_1_i/ChannelOutputEnable_0_Phases_out[45]"/>
        <net name="design_1_i/ChannelOutputEnable_0_Phases_out[44]"/>
        <net name="design_1_i/ChannelOutputEnable_0_Phases_out[43]"/>
        <net name="design_1_i/ChannelOutputEnable_0_Phases_out[42]"/>
        <net name="design_1_i/ChannelOutputEnable_0_Phases_out[41]"/>
        <net name="design_1_i/ChannelOutputEnable_0_Phases_out[40]"/>
        <net name="design_1_i/ChannelOutputEnable_0_Phases_out[39]"/>
        <net name="design_1_i/ChannelOutputEnable_0_Phases_out[38]"/>
        <net name="design_1_i/ChannelOutputEnable_0_Phases_out[37]"/>
        <net name="design_1_i/ChannelOutputEnable_0_Phases_out[36]"/>
        <net name="design_1_i/ChannelOutputEnable_0_Phases_out[35]"/>
        <net name="design_1_i/ChannelOutputEnable_0_Phases_out[34]"/>
        <net name="design_1_i/ChannelOutputEnable_0_Phases_out[33]"/>
        <net name="design_1_i/ChannelOutputEnable_0_Phases_out[32]"/>
        <net name="design_1_i/ChannelOutputEnable_0_Phases_out[31]"/>
        <net name="design_1_i/ChannelOutputEnable_0_Phases_out[30]"/>
        <net name="design_1_i/ChannelOutputEnable_0_Phases_out[29]"/>
        <net name="design_1_i/ChannelOutputEnable_0_Phases_out[28]"/>
        <net name="design_1_i/ChannelOutputEnable_0_Phases_out[27]"/>
        <net name="design_1_i/ChannelOutputEnable_0_Phases_out[26]"/>
        <net name="design_1_i/ChannelOutputEnable_0_Phases_out[25]"/>
        <net name="design_1_i/ChannelOutputEnable_0_Phases_out[24]"/>
        <net name="design_1_i/ChannelOutputEnable_0_Phases_out[23]"/>
        <net name="design_1_i/ChannelOutputEnable_0_Phases_out[22]"/>
        <net name="design_1_i/ChannelOutputEnable_0_Phases_out[21]"/>
        <net name="design_1_i/ChannelOutputEnable_0_Phases_out[20]"/>
        <net name="design_1_i/ChannelOutputEnable_0_Phases_out[19]"/>
        <net name="design_1_i/ChannelOutputEnable_0_Phases_out[18]"/>
        <net name="design_1_i/ChannelOutputEnable_0_Phases_out[17]"/>
        <net name="design_1_i/ChannelOutputEnable_0_Phases_out[16]"/>
        <net name="design_1_i/ChannelOutputEnable_0_Phases_out[15]"/>
        <net name="design_1_i/ChannelOutputEnable_0_Phases_out[14]"/>
        <net name="design_1_i/ChannelOutputEnable_0_Phases_out[13]"/>
        <net name="design_1_i/ChannelOutputEnable_0_Phases_out[12]"/>
        <net name="design_1_i/ChannelOutputEnable_0_Phases_out[11]"/>
        <net name="design_1_i/ChannelOutputEnable_0_Phases_out[10]"/>
        <net name="design_1_i/ChannelOutputEnable_0_Phases_out[9]"/>
        <net name="design_1_i/ChannelOutputEnable_0_Phases_out[8]"/>
        <net name="design_1_i/ChannelOutputEnable_0_Phases_out[7]"/>
        <net name="design_1_i/ChannelOutputEnable_0_Phases_out[6]"/>
        <net name="design_1_i/ChannelOutputEnable_0_Phases_out[5]"/>
        <net name="design_1_i/ChannelOutputEnable_0_Phases_out[4]"/>
        <net name="design_1_i/ChannelOutputEnable_0_Phases_out[3]"/>
        <net name="design_1_i/ChannelOutputEnable_0_Phases_out[2]"/>
        <net name="design_1_i/ChannelOutputEnable_0_Phases_out[1]"/>
        <net name="design_1_i/ChannelOutputEnable_0_Phases_out[0]"/>
      </nets>
    </probe>
    <probe type="ila" busType="bus" source="netlist" spec="ILA_V2_RT">
      <probeOptions Id="DebugProbeParams">
        <Option Id="CAPTURE_COMPARE_VALUE" value="eq64&apos;hXXXX_XXXX_XXXX_XXXX"/>
        <Option Id="COMPARE_VALUE.0" value="eq64&apos;hXXXX_XXXX_XXXX_XXXX"/>
        <Option Id="DISPLAY_HINT" value=""/>
        <Option Id="DISPLAY_VISIBILITY" value=""/>
        <Option Id="HW_ILA" value="hw_ila_1"/>
        <Option Id="MAP" value="probe3[63:0]"/>
        <Option Id="NAME.CUSTOM" value=""/>
        <Option Id="NAME.SELECT" value="Long"/>
        <Option Id="SOURCE" value="netlist"/>
        <Option Id="TRIGGER_COMPARE_VALUE" value="eq64&apos;hXXXX_XXXX_XXXX_XXXX"/>
      </probeOptions>
      <nets>
        <net name="design_1_i/Modulator_0_Phase_out[63]"/>
        <net name="design_1_i/Modulator_0_Phase_out[62]"/>
        <net name="design_1_i/Modulator_0_Phase_out[61]"/>
        <net name="design_1_i/Modulator_0_Phase_out[60]"/>
        <net name="design_1_i/Modulator_0_Phase_out[59]"/>
        <net name="design_1_i/Modulator_0_Phase_out[58]"/>
        <net name="design_1_i/Modulator_0_Phase_out[57]"/>
        <net name="design_1_i/Modulator_0_Phase_out[56]"/>
        <net name="design_1_i/Modulator_0_Phase_out[55]"/>
        <net name="design_1_i/Modulator_0_Phase_out[54]"/>
        <net name="design_1_i/Modulator_0_Phase_out[53]"/>
        <net name="design_1_i/Modulator_0_Phase_out[52]"/>
        <net name="design_1_i/Modulator_0_Phase_out[51]"/>
        <net name="design_1_i/Modulator_0_Phase_out[50]"/>
        <net name="design_1_i/Modulator_0_Phase_out[49]"/>
        <net name="design_1_i/Modulator_0_Phase_out[48]"/>
        <net name="design_1_i/Modulator_0_Phase_out[47]"/>
        <net name="design_1_i/Modulator_0_Phase_out[46]"/>
        <net name="design_1_i/Modulator_0_Phase_out[45]"/>
        <net name="design_1_i/Modulator_0_Phase_out[44]"/>
        <net name="design_1_i/Modulator_0_Phase_out[43]"/>
        <net name="design_1_i/Modulator_0_Phase_out[42]"/>
        <net name="design_1_i/Modulator_0_Phase_out[41]"/>
        <net name="design_1_i/Modulator_0_Phase_out[40]"/>
        <net name="design_1_i/Modulator_0_Phase_out[39]"/>
        <net name="design_1_i/Modulator_0_Phase_out[38]"/>
        <net name="design_1_i/Modulator_0_Phase_out[37]"/>
        <net name="design_1_i/Modulator_0_Phase_out[36]"/>
        <net name="design_1_i/Modulator_0_Phase_out[35]"/>
        <net name="design_1_i/Modulator_0_Phase_out[34]"/>
        <net name="design_1_i/Modulator_0_Phase_out[33]"/>
        <net name="design_1_i/Modulator_0_Phase_out[32]"/>
        <net name="design_1_i/Modulator_0_Phase_out[31]"/>
        <net name="design_1_i/Modulator_0_Phase_out[30]"/>
        <net name="design_1_i/Modulator_0_Phase_out[29]"/>
        <net name="design_1_i/Modulator_0_Phase_out[28]"/>
        <net name="design_1_i/Modulator_0_Phase_out[27]"/>
        <net name="design_1_i/Modulator_0_Phase_out[26]"/>
        <net name="design_1_i/Modulator_0_Phase_out[25]"/>
        <net name="design_1_i/Modulator_0_Phase_out[24]"/>
        <net name="design_1_i/Modulator_0_Phase_out[23]"/>
        <net name="design_1_i/Modulator_0_Phase_out[22]"/>
        <net name="design_1_i/Modulator_0_Phase_out[21]"/>
        <net name="design_1_i/Modulator_0_Phase_out[20]"/>
        <net name="design_1_i/Modulator_0_Phase_out[19]"/>
        <net name="design_1_i/Modulator_0_Phase_out[18]"/>
        <net name="design_1_i/Modulator_0_Phase_out[17]"/>
        <net name="design_1_i/Modulator_0_Phase_out[16]"/>
        <net name="design_1_i/Modulator_0_Phase_out[15]"/>
        <net name="design_1_i/Modulator_0_Phase_out[14]"/>
        <net name="design_1_i/Modulator_0_Phase_out[13]"/>
        <net name="design_1_i/Modulator_0_Phase_out[12]"/>
        <net name="design_1_i/Modulator_0_Phase_out[11]"/>
        <net name="design_1_i/Modulator_0_Phase_out[10]"/>
        <net name="design_1_i/Modulator_0_Phase_out[9]"/>
        <net name="design_1_i/Modulator_0_Phase_out[8]"/>
        <net name="design_1_i/Modulator_0_Phase_out[7]"/>
        <net name="design_1_i/Modulator_0_Phase_out[6]"/>
        <net name="design_1_i/Modulator_0_Phase_out[5]"/>
        <net name="design_1_i/Modulator_0_Phase_out[4]"/>
        <net name="design_1_i/Modulator_0_Phase_out[3]"/>
        <net name="design_1_i/Modulator_0_Phase_out[2]"/>
        <net name="design_1_i/Modulator_0_Phase_out[1]"/>
        <net name="design_1_i/Modulator_0_Phase_out[0]"/>
      </nets>
    </probe>
    <probe type="ila" busType="net" source="netlist" spec="ILA_V2_RT">
      <probeOptions Id="DebugProbeParams">
        <Option Id="CAPTURE_COMPARE_VALUE" value="eq1&apos;bX"/>
        <Option Id="COMPARE_VALUE.0" value="eq1&apos;bX"/>
        <Option Id="DISPLAY_HINT" value=""/>
        <Option Id="DISPLAY_VISIBILITY" value=""/>
        <Option Id="HW_ILA" value="hw_ila_1"/>
        <Option Id="MAP" value="probe0[64]"/>
        <Option Id="NAME.CUSTOM" value=""/>
        <Option Id="NAME.SELECT" value="Long"/>
        <Option Id="SOURCE" value="netlist"/>
        <Option Id="TRIGGER_COMPARE_VALUE" value="eq1&apos;bX"/>
      </probeOptions>
      <nets>
        <net name="design_1_i/NLW_ila_0_probe0_UNCONNECTED"/>
      </nets>
    </probe>
    <probe type="ila" busType="bus" source="netlist" spec="ILA_V2_RT">
      <probeOptions Id="DebugProbeParams">
        <Option Id="CAPTURE_COMPARE_VALUE" value="eq64&apos;hXXXX_XXXX_XXXX_XXXX"/>
        <Option Id="COMPARE_VALUE.0" value="eq64&apos;hXXXX_XXXX_XXXX_XXXX"/>
        <Option Id="DISPLAY_HINT" value=""/>
        <Option Id="DISPLAY_VISIBILITY" value=""/>
        <Option Id="HW_ILA" value="hw_ila_1"/>
        <Option Id="MAP" value="probe0[63:0]"/>
        <Option Id="NAME.CUSTOM" value=""/>
        <Option Id="NAME.SELECT" value="Long"/>
        <Option Id="SOURCE" value="netlist"/>
        <Option Id="TRIGGER_COMPARE_VALUE" value="eq64&apos;hXXXX_XXXX_XXXX_XXXX"/>
      </probeOptions>
      <nets>
        <net name="design_1_i/UPAC_0_CHANNEL_OUT[63]"/>
        <net name="design_1_i/UPAC_0_CHANNEL_OUT[62]"/>
        <net name="design_1_i/UPAC_0_CHANNEL_OUT[61]"/>
        <net name="design_1_i/UPAC_0_CHANNEL_OUT[60]"/>
        <net name="design_1_i/UPAC_0_CHANNEL_OUT[59]"/>
        <net name="design_1_i/UPAC_0_CHANNEL_OUT[58]"/>
        <net name="design_1_i/UPAC_0_CHANNEL_OUT[57]"/>
        <net name="design_1_i/UPAC_0_CHANNEL_OUT[56]"/>
        <net name="design_1_i/UPAC_0_CHANNEL_OUT[55]"/>
        <net name="design_1_i/UPAC_0_CHANNEL_OUT[54]"/>
        <net name="design_1_i/UPAC_0_CHANNEL_OUT[53]"/>
        <net name="design_1_i/UPAC_0_CHANNEL_OUT[52]"/>
        <net name="design_1_i/UPAC_0_CHANNEL_OUT[51]"/>
        <net name="design_1_i/UPAC_0_CHANNEL_OUT[50]"/>
        <net name="design_1_i/UPAC_0_CHANNEL_OUT[49]"/>
        <net name="design_1_i/UPAC_0_CHANNEL_OUT[48]"/>
        <net name="design_1_i/UPAC_0_CHANNEL_OUT[47]"/>
        <net name="design_1_i/UPAC_0_CHANNEL_OUT[46]"/>
        <net name="design_1_i/UPAC_0_CHANNEL_OUT[45]"/>
        <net name="design_1_i/UPAC_0_CHANNEL_OUT[44]"/>
        <net name="design_1_i/UPAC_0_CHANNEL_OUT[43]"/>
        <net name="design_1_i/UPAC_0_CHANNEL_OUT[42]"/>
        <net name="design_1_i/UPAC_0_CHANNEL_OUT[41]"/>
        <net name="design_1_i/UPAC_0_CHANNEL_OUT[40]"/>
        <net name="design_1_i/UPAC_0_CHANNEL_OUT[39]"/>
        <net name="design_1_i/UPAC_0_CHANNEL_OUT[38]"/>
        <net name="design_1_i/UPAC_0_CHANNEL_OUT[37]"/>
        <net name="design_1_i/UPAC_0_CHANNEL_OUT[36]"/>
        <net name="design_1_i/UPAC_0_CHANNEL_OUT[35]"/>
        <net name="design_1_i/UPAC_0_CHANNEL_OUT[34]"/>
        <net name="design_1_i/UPAC_0_CHANNEL_OUT[33]"/>
        <net name="design_1_i/UPAC_0_CHANNEL_OUT[32]"/>
        <net name="design_1_i/UPAC_0_CHANNEL_OUT[31]"/>
        <net name="design_1_i/UPAC_0_CHANNEL_OUT[30]"/>
        <net name="design_1_i/UPAC_0_CHANNEL_OUT[29]"/>
        <net name="design_1_i/UPAC_0_CHANNEL_OUT[28]"/>
        <net name="design_1_i/UPAC_0_CHANNEL_OUT[27]"/>
        <net name="design_1_i/UPAC_0_CHANNEL_OUT[26]"/>
        <net name="design_1_i/UPAC_0_CHANNEL_OUT[25]"/>
        <net name="design_1_i/UPAC_0_CHANNEL_OUT[24]"/>
        <net name="design_1_i/UPAC_0_CHANNEL_OUT[23]"/>
        <net name="design_1_i/UPAC_0_CHANNEL_OUT[22]"/>
        <net name="design_1_i/UPAC_0_CHANNEL_OUT[21]"/>
        <net name="design_1_i/UPAC_0_CHANNEL_OUT[20]"/>
        <net name="design_1_i/UPAC_0_CHANNEL_OUT[19]"/>
        <net name="design_1_i/UPAC_0_CHANNEL_OUT[18]"/>
        <net name="design_1_i/UPAC_0_CHANNEL_OUT[17]"/>
        <net name="design_1_i/UPAC_0_CHANNEL_OUT[16]"/>
        <net name="design_1_i/UPAC_0_CHANNEL_OUT[15]"/>
        <net name="design_1_i/UPAC_0_CHANNEL_OUT[14]"/>
        <net name="design_1_i/UPAC_0_CHANNEL_OUT[13]"/>
        <net name="design_1_i/UPAC_0_CHANNEL_OUT[12]"/>
        <net name="design_1_i/UPAC_0_CHANNEL_OUT[11]"/>
        <net name="design_1_i/UPAC_0_CHANNEL_OUT[10]"/>
        <net name="design_1_i/UPAC_0_CHANNEL_OUT[9]"/>
        <net name="design_1_i/UPAC_0_CHANNEL_OUT[8]"/>
        <net name="design_1_i/UPAC_0_CHANNEL_OUT[7]"/>
        <net name="design_1_i/UPAC_0_CHANNEL_OUT[6]"/>
        <net name="design_1_i/UPAC_0_CHANNEL_OUT[5]"/>
        <net name="design_1_i/UPAC_0_CHANNEL_OUT[4]"/>
        <net name="design_1_i/UPAC_0_CHANNEL_OUT[3]"/>
        <net name="design_1_i/UPAC_0_CHANNEL_OUT[2]"/>
        <net name="design_1_i/UPAC_0_CHANNEL_OUT[1]"/>
        <net name="design_1_i/UPAC_0_CHANNEL_OUT[0]"/>
      </nets>
    </probe>
    <probe type="ila" busType="net" source="netlist" spec="ILA_V2_RT">
      <probeOptions Id="DebugProbeParams">
        <Option Id="CAPTURE_COMPARE_VALUE" value="eq320&apos;hXXXX_XXXX_XXXX_XXXX_XXXX_XXXX_XXXX_XXXX_XXXX_XXXX_XXXX_XXXX_XXXX_XXXX_XXXX_XXXX_XXXX_XXXX_XXXX_XXXX"/>
        <Option Id="COMPARE_VALUE.0" value="eq320&apos;hXXXX_XXXX_XXXX_XXXX_XXXX_XXXX_XXXX_XXXX_XXXX_XXXX_XXXX_XXXX_XXXX_XXXX_XXXX_XXXX_XXXX_XXXX_XXXX_XXXX"/>
        <Option Id="DISPLAY_HINT" value=""/>
        <Option Id="DISPLAY_VISIBILITY" value=""/>
        <Option Id="HW_ILA" value="hw_ila_1"/>
        <Option Id="MAP" value="probe1[319:0]"/>
        <Option Id="NAME.CUSTOM" value=""/>
        <Option Id="NAME.SELECT" value="Long"/>
        <Option Id="SOURCE" value="netlist"/>
        <Option Id="TRIGGER_COMPARE_VALUE" value="eq320&apos;hXXXX_XXXX_XXXX_XXXX_XXXX_XXXX_XXXX_XXXX_XXXX_XXXX_XXXX_XXXX_XXXX_XXXX_XXXX_XXXX_XXXX_XXXX_XXXX_XXXX"/>
      </probeOptions>
      <nets>
        <net name="design_1_i/UPAC_0_MATCH_CHECK[319]"/>
        <net name="design_1_i/UPAC_0_MATCH_CHECK[318]"/>
        <net name="design_1_i/UPAC_0_MATCH_CHECK[317]"/>
        <net name="design_1_i/UPAC_0_MATCH_CHECK[316]"/>
        <net name="design_1_i/UPAC_0_MATCH_CHECK[315]"/>
        <net name="design_1_i/UPAC_0_MATCH_CHECK[314]"/>
        <net name="design_1_i/UPAC_0_MATCH_CHECK[313]"/>
        <net name="design_1_i/UPAC_0_MATCH_CHECK[312]"/>
        <net name="design_1_i/UPAC_0_MATCH_CHECK[311]"/>
        <net name="design_1_i/UPAC_0_MATCH_CHECK[310]"/>
        <net name="design_1_i/UPAC_0_MATCH_CHECK[309]"/>
        <net name="design_1_i/UPAC_0_MATCH_CHECK[308]"/>
        <net name="design_1_i/UPAC_0_MATCH_CHECK[307]"/>
        <net name="design_1_i/UPAC_0_MATCH_CHECK[306]"/>
        <net name="design_1_i/UPAC_0_MATCH_CHECK[305]"/>
        <net name="design_1_i/UPAC_0_MATCH_CHECK[304]"/>
        <net name="design_1_i/UPAC_0_MATCH_CHECK[303]"/>
        <net name="design_1_i/UPAC_0_MATCH_CHECK[302]"/>
        <net name="design_1_i/UPAC_0_MATCH_CHECK[301]"/>
        <net name="design_1_i/UPAC_0_MATCH_CHECK[300]"/>
        <net name="design_1_i/UPAC_0_MATCH_CHECK[299]"/>
        <net name="design_1_i/UPAC_0_MATCH_CHECK[298]"/>
        <net name="design_1_i/UPAC_0_MATCH_CHECK[297]"/>
        <net name="design_1_i/UPAC_0_MATCH_CHECK[296]"/>
        <net name="design_1_i/UPAC_0_MATCH_CHECK[295]"/>
        <net name="design_1_i/UPAC_0_MATCH_CHECK[294]"/>
        <net name="design_1_i/UPAC_0_MATCH_CHECK[293]"/>
        <net name="design_1_i/UPAC_0_MATCH_CHECK[292]"/>
        <net name="design_1_i/UPAC_0_MATCH_CHECK[291]"/>
        <net name="design_1_i/UPAC_0_MATCH_CHECK[290]"/>
        <net name="design_1_i/UPAC_0_MATCH_CHECK[289]"/>
        <net name="design_1_i/UPAC_0_MATCH_CHECK[288]"/>
        <net name="design_1_i/UPAC_0_MATCH_CHECK[287]"/>
        <net name="design_1_i/UPAC_0_MATCH_CHECK[286]"/>
        <net name="design_1_i/UPAC_0_MATCH_CHECK[285]"/>
        <net name="design_1_i/UPAC_0_MATCH_CHECK[284]"/>
        <net name="design_1_i/UPAC_0_MATCH_CHECK[283]"/>
        <net name="design_1_i/UPAC_0_MATCH_CHECK[282]"/>
        <net name="design_1_i/UPAC_0_MATCH_CHECK[281]"/>
        <net name="design_1_i/UPAC_0_MATCH_CHECK[280]"/>
        <net name="design_1_i/UPAC_0_MATCH_CHECK[279]"/>
        <net name="design_1_i/UPAC_0_MATCH_CHECK[278]"/>
        <net name="design_1_i/UPAC_0_MATCH_CHECK[277]"/>
        <net name="design_1_i/UPAC_0_MATCH_CHECK[276]"/>
        <net name="design_1_i/UPAC_0_MATCH_CHECK[275]"/>
        <net name="design_1_i/UPAC_0_MATCH_CHECK[274]"/>
        <net name="design_1_i/UPAC_0_MATCH_CHECK[273]"/>
        <net name="design_1_i/UPAC_0_MATCH_CHECK[272]"/>
        <net name="design_1_i/UPAC_0_MATCH_CHECK[271]"/>
        <net name="design_1_i/UPAC_0_MATCH_CHECK[270]"/>
        <net name="design_1_i/UPAC_0_MATCH_CHECK[269]"/>
        <net name="design_1_i/UPAC_0_MATCH_CHECK[268]"/>
        <net name="design_1_i/UPAC_0_MATCH_CHECK[267]"/>
        <net name="design_1_i/UPAC_0_MATCH_CHECK[266]"/>
        <net name="design_1_i/UPAC_0_MATCH_CHECK[265]"/>
        <net name="design_1_i/UPAC_0_MATCH_CHECK[264]"/>
        <net name="design_1_i/UPAC_0_MATCH_CHECK[263]"/>
        <net name="design_1_i/UPAC_0_MATCH_CHECK[262]"/>
        <net name="design_1_i/UPAC_0_MATCH_CHECK[261]"/>
        <net name="design_1_i/UPAC_0_MATCH_CHECK[260]"/>
        <net name="design_1_i/UPAC_0_MATCH_CHECK[259]"/>
        <net name="design_1_i/UPAC_0_MATCH_CHECK[258]"/>
        <net name="design_1_i/UPAC_0_MATCH_CHECK[257]"/>
        <net name="design_1_i/UPAC_0_MATCH_CHECK[256]"/>
        <net name="design_1_i/UPAC_0_MATCH_CHECK[255]"/>
        <net name="design_1_i/UPAC_0_MATCH_CHECK[254]"/>
        <net name="design_1_i/UPAC_0_MATCH_CHECK[253]"/>
        <net name="design_1_i/UPAC_0_MATCH_CHECK[252]"/>
        <net name="design_1_i/UPAC_0_MATCH_CHECK[251]"/>
        <net name="design_1_i/UPAC_0_MATCH_CHECK[250]"/>
        <net name="design_1_i/UPAC_0_MATCH_CHECK[249]"/>
        <net name="design_1_i/UPAC_0_MATCH_CHECK[248]"/>
        <net name="design_1_i/UPAC_0_MATCH_CHECK[247]"/>
        <net name="design_1_i/UPAC_0_MATCH_CHECK[246]"/>
        <net name="design_1_i/UPAC_0_MATCH_CHECK[245]"/>
        <net name="design_1_i/UPAC_0_MATCH_CHECK[244]"/>
        <net name="design_1_i/UPAC_0_MATCH_CHECK[243]"/>
        <net name="design_1_i/UPAC_0_MATCH_CHECK[242]"/>
        <net name="design_1_i/UPAC_0_MATCH_CHECK[241]"/>
        <net name="design_1_i/UPAC_0_MATCH_CHECK[240]"/>
        <net name="design_1_i/UPAC_0_MATCH_CHECK[239]"/>
        <net name="design_1_i/UPAC_0_MATCH_CHECK[238]"/>
        <net name="design_1_i/UPAC_0_MATCH_CHECK[237]"/>
        <net name="design_1_i/UPAC_0_MATCH_CHECK[236]"/>
        <net name="design_1_i/UPAC_0_MATCH_CHECK[235]"/>
        <net name="design_1_i/UPAC_0_MATCH_CHECK[234]"/>
        <net name="design_1_i/UPAC_0_MATCH_CHECK[233]"/>
        <net name="design_1_i/UPAC_0_MATCH_CHECK[232]"/>
        <net name="design_1_i/UPAC_0_MATCH_CHECK[231]"/>
        <net name="design_1_i/UPAC_0_MATCH_CHECK[230]"/>
        <net name="design_1_i/UPAC_0_MATCH_CHECK[229]"/>
        <net name="design_1_i/UPAC_0_MATCH_CHECK[228]"/>
        <net name="design_1_i/UPAC_0_MATCH_CHECK[227]"/>
        <net name="design_1_i/UPAC_0_MATCH_CHECK[226]"/>
        <net name="design_1_i/UPAC_0_MATCH_CHECK[225]"/>
        <net name="design_1_i/UPAC_0_MATCH_CHECK[224]"/>
        <net name="design_1_i/UPAC_0_MATCH_CHECK[223]"/>
        <net name="design_1_i/UPAC_0_MATCH_CHECK[222]"/>
        <net name="design_1_i/UPAC_0_MATCH_CHECK[221]"/>
        <net name="design_1_i/UPAC_0_MATCH_CHECK[220]"/>
        <net name="design_1_i/UPAC_0_MATCH_CHECK[219]"/>
        <net name="design_1_i/UPAC_0_MATCH_CHECK[218]"/>
        <net name="design_1_i/UPAC_0_MATCH_CHECK[217]"/>
        <net name="design_1_i/UPAC_0_MATCH_CHECK[216]"/>
        <net name="design_1_i/UPAC_0_MATCH_CHECK[215]"/>
        <net name="design_1_i/UPAC_0_MATCH_CHECK[214]"/>
        <net name="design_1_i/UPAC_0_MATCH_CHECK[213]"/>
        <net name="design_1_i/UPAC_0_MATCH_CHECK[212]"/>
        <net name="design_1_i/UPAC_0_MATCH_CHECK[211]"/>
        <net name="design_1_i/UPAC_0_MATCH_CHECK[210]"/>
        <net name="design_1_i/UPAC_0_MATCH_CHECK[209]"/>
        <net name="design_1_i/UPAC_0_MATCH_CHECK[208]"/>
        <net name="design_1_i/UPAC_0_MATCH_CHECK[207]"/>
        <net name="design_1_i/UPAC_0_MATCH_CHECK[206]"/>
        <net name="design_1_i/UPAC_0_MATCH_CHECK[205]"/>
        <net name="design_1_i/UPAC_0_MATCH_CHECK[204]"/>
        <net name="design_1_i/UPAC_0_MATCH_CHECK[203]"/>
        <net name="design_1_i/UPAC_0_MATCH_CHECK[202]"/>
        <net name="design_1_i/UPAC_0_MATCH_CHECK[201]"/>
        <net name="design_1_i/UPAC_0_MATCH_CHECK[200]"/>
        <net name="design_1_i/UPAC_0_MATCH_CHECK[199]"/>
        <net name="design_1_i/UPAC_0_MATCH_CHECK[198]"/>
        <net name="design_1_i/UPAC_0_MATCH_CHECK[197]"/>
        <net name="design_1_i/UPAC_0_MATCH_CHECK[196]"/>
        <net name="design_1_i/UPAC_0_MATCH_CHECK[195]"/>
        <net name="design_1_i/UPAC_0_MATCH_CHECK[194]"/>
        <net name="design_1_i/UPAC_0_MATCH_CHECK[193]"/>
        <net name="design_1_i/UPAC_0_MATCH_CHECK[192]"/>
        <net name="design_1_i/UPAC_0_MATCH_CHECK[191]"/>
        <net name="design_1_i/UPAC_0_MATCH_CHECK[190]"/>
        <net name="design_1_i/UPAC_0_MATCH_CHECK[189]"/>
        <net name="design_1_i/UPAC_0_MATCH_CHECK[188]"/>
        <net name="design_1_i/UPAC_0_MATCH_CHECK[187]"/>
        <net name="design_1_i/UPAC_0_MATCH_CHECK[186]"/>
        <net name="design_1_i/UPAC_0_MATCH_CHECK[185]"/>
        <net name="design_1_i/UPAC_0_MATCH_CHECK[184]"/>
        <net name="design_1_i/UPAC_0_MATCH_CHECK[183]"/>
        <net name="design_1_i/UPAC_0_MATCH_CHECK[182]"/>
        <net name="design_1_i/UPAC_0_MATCH_CHECK[181]"/>
        <net name="design_1_i/UPAC_0_MATCH_CHECK[180]"/>
        <net name="design_1_i/UPAC_0_MATCH_CHECK[179]"/>
        <net name="design_1_i/UPAC_0_MATCH_CHECK[178]"/>
        <net name="design_1_i/UPAC_0_MATCH_CHECK[177]"/>
        <net name="design_1_i/UPAC_0_MATCH_CHECK[176]"/>
        <net name="design_1_i/UPAC_0_MATCH_CHECK[175]"/>
        <net name="design_1_i/UPAC_0_MATCH_CHECK[174]"/>
        <net name="design_1_i/UPAC_0_MATCH_CHECK[173]"/>
        <net name="design_1_i/UPAC_0_MATCH_CHECK[172]"/>
        <net name="design_1_i/UPAC_0_MATCH_CHECK[171]"/>
        <net name="design_1_i/UPAC_0_MATCH_CHECK[170]"/>
        <net name="design_1_i/UPAC_0_MATCH_CHECK[169]"/>
        <net name="design_1_i/UPAC_0_MATCH_CHECK[168]"/>
        <net name="design_1_i/UPAC_0_MATCH_CHECK[167]"/>
        <net name="design_1_i/UPAC_0_MATCH_CHECK[166]"/>
        <net name="design_1_i/UPAC_0_MATCH_CHECK[165]"/>
        <net name="design_1_i/UPAC_0_MATCH_CHECK[164]"/>
        <net name="design_1_i/UPAC_0_MATCH_CHECK[163]"/>
        <net name="design_1_i/UPAC_0_MATCH_CHECK[162]"/>
        <net name="design_1_i/UPAC_0_MATCH_CHECK[161]"/>
        <net name="design_1_i/UPAC_0_MATCH_CHECK[160]"/>
        <net name="design_1_i/UPAC_0_MATCH_CHECK[159]"/>
        <net name="design_1_i/UPAC_0_MATCH_CHECK[158]"/>
        <net name="design_1_i/UPAC_0_MATCH_CHECK[157]"/>
        <net name="design_1_i/UPAC_0_MATCH_CHECK[156]"/>
        <net name="design_1_i/UPAC_0_MATCH_CHECK[155]"/>
        <net name="design_1_i/UPAC_0_MATCH_CHECK[154]"/>
        <net name="design_1_i/UPAC_0_MATCH_CHECK[153]"/>
        <net name="design_1_i/UPAC_0_MATCH_CHECK[152]"/>
        <net name="design_1_i/UPAC_0_MATCH_CHECK[151]"/>
        <net name="design_1_i/UPAC_0_MATCH_CHECK[150]"/>
        <net name="design_1_i/UPAC_0_MATCH_CHECK[149]"/>
        <net name="design_1_i/UPAC_0_MATCH_CHECK[148]"/>
        <net name="design_1_i/UPAC_0_MATCH_CHECK[147]"/>
        <net name="design_1_i/UPAC_0_MATCH_CHECK[146]"/>
        <net name="design_1_i/UPAC_0_MATCH_CHECK[145]"/>
        <net name="design_1_i/UPAC_0_MATCH_CHECK[144]"/>
        <net name="design_1_i/UPAC_0_MATCH_CHECK[143]"/>
        <net name="design_1_i/UPAC_0_MATCH_CHECK[142]"/>
        <net name="design_1_i/UPAC_0_MATCH_CHECK[141]"/>
        <net name="design_1_i/UPAC_0_MATCH_CHECK[140]"/>
        <net name="design_1_i/UPAC_0_MATCH_CHECK[139]"/>
        <net name="design_1_i/UPAC_0_MATCH_CHECK[138]"/>
        <net name="design_1_i/UPAC_0_MATCH_CHECK[137]"/>
        <net name="design_1_i/UPAC_0_MATCH_CHECK[136]"/>
        <net name="design_1_i/UPAC_0_MATCH_CHECK[135]"/>
        <net name="design_1_i/UPAC_0_MATCH_CHECK[134]"/>
        <net name="design_1_i/UPAC_0_MATCH_CHECK[133]"/>
        <net name="design_1_i/UPAC_0_MATCH_CHECK[132]"/>
        <net name="design_1_i/UPAC_0_MATCH_CHECK[131]"/>
        <net name="design_1_i/UPAC_0_MATCH_CHECK[130]"/>
        <net name="design_1_i/UPAC_0_MATCH_CHECK[129]"/>
        <net name="design_1_i/UPAC_0_MATCH_CHECK[128]"/>
        <net name="design_1_i/UPAC_0_MATCH_CHECK[127]"/>
        <net name="design_1_i/UPAC_0_MATCH_CHECK[126]"/>
        <net name="design_1_i/UPAC_0_MATCH_CHECK[125]"/>
        <net name="design_1_i/UPAC_0_MATCH_CHECK[124]"/>
        <net name="design_1_i/UPAC_0_MATCH_CHECK[123]"/>
        <net name="design_1_i/UPAC_0_MATCH_CHECK[122]"/>
        <net name="design_1_i/UPAC_0_MATCH_CHECK[121]"/>
        <net name="design_1_i/UPAC_0_MATCH_CHECK[120]"/>
        <net name="design_1_i/UPAC_0_MATCH_CHECK[119]"/>
        <net name="design_1_i/UPAC_0_MATCH_CHECK[118]"/>
        <net name="design_1_i/UPAC_0_MATCH_CHECK[117]"/>
        <net name="design_1_i/UPAC_0_MATCH_CHECK[116]"/>
        <net name="design_1_i/UPAC_0_MATCH_CHECK[115]"/>
        <net name="design_1_i/UPAC_0_MATCH_CHECK[114]"/>
        <net name="design_1_i/UPAC_0_MATCH_CHECK[113]"/>
        <net name="design_1_i/UPAC_0_MATCH_CHECK[112]"/>
        <net name="design_1_i/UPAC_0_MATCH_CHECK[111]"/>
        <net name="design_1_i/UPAC_0_MATCH_CHECK[110]"/>
        <net name="design_1_i/UPAC_0_MATCH_CHECK[109]"/>
        <net name="design_1_i/UPAC_0_MATCH_CHECK[108]"/>
        <net name="design_1_i/UPAC_0_MATCH_CHECK[107]"/>
        <net name="design_1_i/UPAC_0_MATCH_CHECK[106]"/>
        <net name="design_1_i/UPAC_0_MATCH_CHECK[105]"/>
        <net name="design_1_i/UPAC_0_MATCH_CHECK[104]"/>
        <net name="design_1_i/UPAC_0_MATCH_CHECK[103]"/>
        <net name="design_1_i/UPAC_0_MATCH_CHECK[102]"/>
        <net name="design_1_i/UPAC_0_MATCH_CHECK[101]"/>
        <net name="design_1_i/UPAC_0_MATCH_CHECK[100]"/>
        <net name="design_1_i/UPAC_0_MATCH_CHECK[99]"/>
        <net name="design_1_i/UPAC_0_MATCH_CHECK[98]"/>
        <net name="design_1_i/UPAC_0_MATCH_CHECK[97]"/>
        <net name="design_1_i/UPAC_0_MATCH_CHECK[96]"/>
        <net name="design_1_i/UPAC_0_MATCH_CHECK[95]"/>
        <net name="design_1_i/UPAC_0_MATCH_CHECK[94]"/>
        <net name="design_1_i/UPAC_0_MATCH_CHECK[93]"/>
        <net name="design_1_i/UPAC_0_MATCH_CHECK[92]"/>
        <net name="design_1_i/UPAC_0_MATCH_CHECK[91]"/>
        <net name="design_1_i/UPAC_0_MATCH_CHECK[90]"/>
        <net name="design_1_i/UPAC_0_MATCH_CHECK[89]"/>
        <net name="design_1_i/UPAC_0_MATCH_CHECK[88]"/>
        <net name="design_1_i/UPAC_0_MATCH_CHECK[87]"/>
        <net name="design_1_i/UPAC_0_MATCH_CHECK[86]"/>
        <net name="design_1_i/UPAC_0_MATCH_CHECK[85]"/>
        <net name="design_1_i/UPAC_0_MATCH_CHECK[84]"/>
        <net name="design_1_i/UPAC_0_MATCH_CHECK[83]"/>
        <net name="design_1_i/UPAC_0_MATCH_CHECK[82]"/>
        <net name="design_1_i/UPAC_0_MATCH_CHECK[81]"/>
        <net name="design_1_i/UPAC_0_MATCH_CHECK[80]"/>
        <net name="design_1_i/UPAC_0_MATCH_CHECK[79]"/>
        <net name="design_1_i/UPAC_0_MATCH_CHECK[78]"/>
        <net name="design_1_i/UPAC_0_MATCH_CHECK[77]"/>
        <net name="design_1_i/UPAC_0_MATCH_CHECK[76]"/>
        <net name="design_1_i/UPAC_0_MATCH_CHECK[75]"/>
        <net name="design_1_i/UPAC_0_MATCH_CHECK[74]"/>
        <net name="design_1_i/UPAC_0_MATCH_CHECK[73]"/>
        <net name="design_1_i/UPAC_0_MATCH_CHECK[72]"/>
        <net name="design_1_i/UPAC_0_MATCH_CHECK[71]"/>
        <net name="design_1_i/UPAC_0_MATCH_CHECK[70]"/>
        <net name="design_1_i/UPAC_0_MATCH_CHECK[69]"/>
        <net name="design_1_i/UPAC_0_MATCH_CHECK[68]"/>
        <net name="design_1_i/UPAC_0_MATCH_CHECK[67]"/>
        <net name="design_1_i/UPAC_0_MATCH_CHECK[66]"/>
        <net name="design_1_i/UPAC_0_MATCH_CHECK[65]"/>
        <net name="design_1_i/UPAC_0_MATCH_CHECK[64]"/>
        <net name="design_1_i/UPAC_0_MATCH_CHECK[63]"/>
        <net name="design_1_i/UPAC_0_MATCH_CHECK[62]"/>
        <net name="design_1_i/UPAC_0_MATCH_CHECK[61]"/>
        <net name="design_1_i/UPAC_0_MATCH_CHECK[60]"/>
        <net name="design_1_i/UPAC_0_MATCH_CHECK[59]"/>
        <net name="design_1_i/UPAC_0_MATCH_CHECK[58]"/>
        <net name="design_1_i/UPAC_0_MATCH_CHECK[57]"/>
        <net name="design_1_i/UPAC_0_MATCH_CHECK[56]"/>
        <net name="design_1_i/UPAC_0_MATCH_CHECK[55]"/>
        <net name="design_1_i/UPAC_0_MATCH_CHECK[54]"/>
        <net name="design_1_i/UPAC_0_MATCH_CHECK[53]"/>
        <net name="design_1_i/UPAC_0_MATCH_CHECK[52]"/>
        <net name="design_1_i/UPAC_0_MATCH_CHECK[51]"/>
        <net name="design_1_i/UPAC_0_MATCH_CHECK[50]"/>
        <net name="design_1_i/UPAC_0_MATCH_CHECK[49]"/>
        <net name="design_1_i/UPAC_0_MATCH_CHECK[48]"/>
        <net name="design_1_i/UPAC_0_MATCH_CHECK[47]"/>
        <net name="design_1_i/UPAC_0_MATCH_CHECK[46]"/>
        <net name="design_1_i/UPAC_0_MATCH_CHECK[45]"/>
        <net name="design_1_i/UPAC_0_MATCH_CHECK[44]"/>
        <net name="design_1_i/UPAC_0_MATCH_CHECK[43]"/>
        <net name="design_1_i/UPAC_0_MATCH_CHECK[42]"/>
        <net name="design_1_i/UPAC_0_MATCH_CHECK[41]"/>
        <net name="design_1_i/UPAC_0_MATCH_CHECK[40]"/>
        <net name="design_1_i/UPAC_0_MATCH_CHECK[39]"/>
        <net name="design_1_i/UPAC_0_MATCH_CHECK[38]"/>
        <net name="design_1_i/UPAC_0_MATCH_CHECK[37]"/>
        <net name="design_1_i/UPAC_0_MATCH_CHECK[36]"/>
        <net name="design_1_i/UPAC_0_MATCH_CHECK[35]"/>
        <net name="design_1_i/UPAC_0_MATCH_CHECK[34]"/>
        <net name="design_1_i/UPAC_0_MATCH_CHECK[33]"/>
        <net name="design_1_i/UPAC_0_MATCH_CHECK[32]"/>
        <net name="design_1_i/UPAC_0_MATCH_CHECK[31]"/>
        <net name="design_1_i/UPAC_0_MATCH_CHECK[30]"/>
        <net name="design_1_i/UPAC_0_MATCH_CHECK[29]"/>
        <net name="design_1_i/UPAC_0_MATCH_CHECK[28]"/>
        <net name="design_1_i/UPAC_0_MATCH_CHECK[27]"/>
        <net name="design_1_i/UPAC_0_MATCH_CHECK[26]"/>
        <net name="design_1_i/UPAC_0_MATCH_CHECK[25]"/>
        <net name="design_1_i/UPAC_0_MATCH_CHECK[24]"/>
        <net name="design_1_i/UPAC_0_MATCH_CHECK[23]"/>
        <net name="design_1_i/UPAC_0_MATCH_CHECK[22]"/>
        <net name="design_1_i/UPAC_0_MATCH_CHECK[21]"/>
        <net name="design_1_i/UPAC_0_MATCH_CHECK[20]"/>
        <net name="design_1_i/UPAC_0_MATCH_CHECK[19]"/>
        <net name="design_1_i/UPAC_0_MATCH_CHECK[18]"/>
        <net name="design_1_i/UPAC_0_MATCH_CHECK[17]"/>
        <net name="design_1_i/UPAC_0_MATCH_CHECK[16]"/>
        <net name="design_1_i/UPAC_0_MATCH_CHECK[15]"/>
        <net name="design_1_i/UPAC_0_MATCH_CHECK[14]"/>
        <net name="design_1_i/UPAC_0_MATCH_CHECK[13]"/>
        <net name="design_1_i/UPAC_0_MATCH_CHECK[12]"/>
        <net name="design_1_i/UPAC_0_MATCH_CHECK[11]"/>
        <net name="design_1_i/UPAC_0_MATCH_CHECK[10]"/>
        <net name="design_1_i/UPAC_0_MATCH_CHECK[9]"/>
        <net name="design_1_i/UPAC_0_MATCH_CHECK[8]"/>
        <net name="design_1_i/UPAC_0_MATCH_CHECK[7]"/>
        <net name="design_1_i/UPAC_0_MATCH_CHECK[6]"/>
        <net name="design_1_i/UPAC_0_MATCH_CHECK[5]"/>
        <net name="design_1_i/UPAC_0_MATCH_CHECK[4]"/>
        <net name="design_1_i/UPAC_0_MATCH_CHECK[3]"/>
        <net name="design_1_i/UPAC_0_MATCH_CHECK[2]"/>
        <net name="design_1_i/UPAC_0_MATCH_CHECK[1]"/>
        <net name="design_1_i/UPAC_0_MATCH_CHECK[0]"/>
      </nets>
    </probe>
    <probe type="ila" busType="bus" source="netlist" spec="ILA_V2_RT">
      <probeOptions Id="DebugProbeParams">
        <Option Id="CAPTURE_COMPARE_VALUE" value="eq512&apos;hXXXX_XXXX_XXXX_XXXX_XXXX_XXXX_XXXX_XXXX_XXXX_XXXX_XXXX_XXXX_XXXX_XXXX_XXXX_XXXX_XXXX_XXXX_XXXX_XXXX_XXXX_XXXX_XXXX_XXXX_XXXX_XXXX_XXXX_XXXX_XXXX_XXXX_XXXX_XXXX"/>
        <Option Id="COMPARE_VALUE.0" value="eq512&apos;hXXXX_XXXX_XXXX_XXXX_XXXX_XXXX_XXXX_XXXX_XXXX_XXXX_XXXX_XXXX_XXXX_XXXX_XXXX_XXXX_XXXX_XXXX_XXXX_XXXX_XXXX_XXXX_XXXX_XXXX_XXXX_XXXX_XXXX_XXXX_XXXX_XXXX_XXXX_XXXX"/>
        <Option Id="DISPLAY_HINT" value=""/>
        <Option Id="DISPLAY_VISIBILITY" value=""/>
        <Option Id="HW_ILA" value="hw_ila_1"/>
        <Option Id="MAP" value="probe2[511:0]"/>
        <Option Id="NAME.CUSTOM" value=""/>
        <Option Id="NAME.SELECT" value="Long"/>
        <Option Id="SOURCE" value="netlist"/>
        <Option Id="TRIGGER_COMPARE_VALUE" value="eq512&apos;hXXXX_XXXX_XXXX_XXXX_XXXX_XXXX_XXXX_XXXX_XXXX_XXXX_XXXX_XXXX_XXXX_XXXX_XXXX_XXXX_XXXX_XXXX_XXXX_XXXX_XXXX_XXXX_XXXX_XXXX_XXXX_XXXX_XXXX_XXXX_XXXX_XXXX_XXXX_XXXX"/>
      </probeOptions>
      <nets>
        <net name="design_1_i/UPAC_0_Match_Debug[511]"/>
        <net name="design_1_i/UPAC_0_Match_Debug[510]"/>
        <net name="design_1_i/UPAC_0_Match_Debug[509]"/>
        <net name="design_1_i/UPAC_0_Match_Debug[508]"/>
        <net name="design_1_i/UPAC_0_Match_Debug[507]"/>
        <net name="design_1_i/UPAC_0_Match_Debug[506]"/>
        <net name="design_1_i/UPAC_0_Match_Debug[505]"/>
        <net name="design_1_i/UPAC_0_Match_Debug[504]"/>
        <net name="design_1_i/UPAC_0_Match_Debug[503]"/>
        <net name="design_1_i/UPAC_0_Match_Debug[502]"/>
        <net name="design_1_i/UPAC_0_Match_Debug[501]"/>
        <net name="design_1_i/UPAC_0_Match_Debug[500]"/>
        <net name="design_1_i/UPAC_0_Match_Debug[499]"/>
        <net name="design_1_i/UPAC_0_Match_Debug[498]"/>
        <net name="design_1_i/UPAC_0_Match_Debug[497]"/>
        <net name="design_1_i/UPAC_0_Match_Debug[496]"/>
        <net name="design_1_i/UPAC_0_Match_Debug[495]"/>
        <net name="design_1_i/UPAC_0_Match_Debug[494]"/>
        <net name="design_1_i/UPAC_0_Match_Debug[493]"/>
        <net name="design_1_i/UPAC_0_Match_Debug[492]"/>
        <net name="design_1_i/UPAC_0_Match_Debug[491]"/>
        <net name="design_1_i/UPAC_0_Match_Debug[490]"/>
        <net name="design_1_i/UPAC_0_Match_Debug[489]"/>
        <net name="design_1_i/UPAC_0_Match_Debug[488]"/>
        <net name="design_1_i/UPAC_0_Match_Debug[487]"/>
        <net name="design_1_i/UPAC_0_Match_Debug[486]"/>
        <net name="design_1_i/UPAC_0_Match_Debug[485]"/>
        <net name="design_1_i/UPAC_0_Match_Debug[484]"/>
        <net name="design_1_i/UPAC_0_Match_Debug[483]"/>
        <net name="design_1_i/UPAC_0_Match_Debug[482]"/>
        <net name="design_1_i/UPAC_0_Match_Debug[481]"/>
        <net name="design_1_i/UPAC_0_Match_Debug[480]"/>
        <net name="design_1_i/UPAC_0_Match_Debug[479]"/>
        <net name="design_1_i/UPAC_0_Match_Debug[478]"/>
        <net name="design_1_i/UPAC_0_Match_Debug[477]"/>
        <net name="design_1_i/UPAC_0_Match_Debug[476]"/>
        <net name="design_1_i/UPAC_0_Match_Debug[475]"/>
        <net name="design_1_i/UPAC_0_Match_Debug[474]"/>
        <net name="design_1_i/UPAC_0_Match_Debug[473]"/>
        <net name="design_1_i/UPAC_0_Match_Debug[472]"/>
        <net name="design_1_i/UPAC_0_Match_Debug[471]"/>
        <net name="design_1_i/UPAC_0_Match_Debug[470]"/>
        <net name="design_1_i/UPAC_0_Match_Debug[469]"/>
        <net name="design_1_i/UPAC_0_Match_Debug[468]"/>
        <net name="design_1_i/UPAC_0_Match_Debug[467]"/>
        <net name="design_1_i/UPAC_0_Match_Debug[466]"/>
        <net name="design_1_i/UPAC_0_Match_Debug[465]"/>
        <net name="design_1_i/UPAC_0_Match_Debug[464]"/>
        <net name="design_1_i/UPAC_0_Match_Debug[463]"/>
        <net name="design_1_i/UPAC_0_Match_Debug[462]"/>
        <net name="design_1_i/UPAC_0_Match_Debug[461]"/>
        <net name="design_1_i/UPAC_0_Match_Debug[460]"/>
        <net name="design_1_i/UPAC_0_Match_Debug[459]"/>
        <net name="design_1_i/UPAC_0_Match_Debug[458]"/>
        <net name="design_1_i/UPAC_0_Match_Debug[457]"/>
        <net name="design_1_i/UPAC_0_Match_Debug[456]"/>
        <net name="design_1_i/UPAC_0_Match_Debug[455]"/>
        <net name="design_1_i/UPAC_0_Match_Debug[454]"/>
        <net name="design_1_i/UPAC_0_Match_Debug[453]"/>
        <net name="design_1_i/UPAC_0_Match_Debug[452]"/>
        <net name="design_1_i/UPAC_0_Match_Debug[451]"/>
        <net name="design_1_i/UPAC_0_Match_Debug[450]"/>
        <net name="design_1_i/UPAC_0_Match_Debug[449]"/>
        <net name="design_1_i/UPAC_0_Match_Debug[448]"/>
        <net name="design_1_i/UPAC_0_Match_Debug[447]"/>
        <net name="design_1_i/UPAC_0_Match_Debug[446]"/>
        <net name="design_1_i/UPAC_0_Match_Debug[445]"/>
        <net name="design_1_i/UPAC_0_Match_Debug[444]"/>
        <net name="design_1_i/UPAC_0_Match_Debug[443]"/>
        <net name="design_1_i/UPAC_0_Match_Debug[442]"/>
        <net name="design_1_i/UPAC_0_Match_Debug[441]"/>
        <net name="design_1_i/UPAC_0_Match_Debug[440]"/>
        <net name="design_1_i/UPAC_0_Match_Debug[439]"/>
        <net name="design_1_i/UPAC_0_Match_Debug[438]"/>
        <net name="design_1_i/UPAC_0_Match_Debug[437]"/>
        <net name="design_1_i/UPAC_0_Match_Debug[436]"/>
        <net name="design_1_i/UPAC_0_Match_Debug[435]"/>
        <net name="design_1_i/UPAC_0_Match_Debug[434]"/>
        <net name="design_1_i/UPAC_0_Match_Debug[433]"/>
        <net name="design_1_i/UPAC_0_Match_Debug[432]"/>
        <net name="design_1_i/UPAC_0_Match_Debug[431]"/>
        <net name="design_1_i/UPAC_0_Match_Debug[430]"/>
        <net name="design_1_i/UPAC_0_Match_Debug[429]"/>
        <net name="design_1_i/UPAC_0_Match_Debug[428]"/>
        <net name="design_1_i/UPAC_0_Match_Debug[427]"/>
        <net name="design_1_i/UPAC_0_Match_Debug[426]"/>
        <net name="design_1_i/UPAC_0_Match_Debug[425]"/>
        <net name="design_1_i/UPAC_0_Match_Debug[424]"/>
        <net name="design_1_i/UPAC_0_Match_Debug[423]"/>
        <net name="design_1_i/UPAC_0_Match_Debug[422]"/>
        <net name="design_1_i/UPAC_0_Match_Debug[421]"/>
        <net name="design_1_i/UPAC_0_Match_Debug[420]"/>
        <net name="design_1_i/UPAC_0_Match_Debug[419]"/>
        <net name="design_1_i/UPAC_0_Match_Debug[418]"/>
        <net name="design_1_i/UPAC_0_Match_Debug[417]"/>
        <net name="design_1_i/UPAC_0_Match_Debug[416]"/>
        <net name="design_1_i/UPAC_0_Match_Debug[415]"/>
        <net name="design_1_i/UPAC_0_Match_Debug[414]"/>
        <net name="design_1_i/UPAC_0_Match_Debug[413]"/>
        <net name="design_1_i/UPAC_0_Match_Debug[412]"/>
        <net name="design_1_i/UPAC_0_Match_Debug[411]"/>
        <net name="design_1_i/UPAC_0_Match_Debug[410]"/>
        <net name="design_1_i/UPAC_0_Match_Debug[409]"/>
        <net name="design_1_i/UPAC_0_Match_Debug[408]"/>
        <net name="design_1_i/UPAC_0_Match_Debug[407]"/>
        <net name="design_1_i/UPAC_0_Match_Debug[406]"/>
        <net name="design_1_i/UPAC_0_Match_Debug[405]"/>
        <net name="design_1_i/UPAC_0_Match_Debug[404]"/>
        <net name="design_1_i/UPAC_0_Match_Debug[403]"/>
        <net name="design_1_i/UPAC_0_Match_Debug[402]"/>
        <net name="design_1_i/UPAC_0_Match_Debug[401]"/>
        <net name="design_1_i/UPAC_0_Match_Debug[400]"/>
        <net name="design_1_i/UPAC_0_Match_Debug[399]"/>
        <net name="design_1_i/UPAC_0_Match_Debug[398]"/>
        <net name="design_1_i/UPAC_0_Match_Debug[397]"/>
        <net name="design_1_i/UPAC_0_Match_Debug[396]"/>
        <net name="design_1_i/UPAC_0_Match_Debug[395]"/>
        <net name="design_1_i/UPAC_0_Match_Debug[394]"/>
        <net name="design_1_i/UPAC_0_Match_Debug[393]"/>
        <net name="design_1_i/UPAC_0_Match_Debug[392]"/>
        <net name="design_1_i/UPAC_0_Match_Debug[391]"/>
        <net name="design_1_i/UPAC_0_Match_Debug[390]"/>
        <net name="design_1_i/UPAC_0_Match_Debug[389]"/>
        <net name="design_1_i/UPAC_0_Match_Debug[388]"/>
        <net name="design_1_i/UPAC_0_Match_Debug[387]"/>
        <net name="design_1_i/UPAC_0_Match_Debug[386]"/>
        <net name="design_1_i/UPAC_0_Match_Debug[385]"/>
        <net name="design_1_i/UPAC_0_Match_Debug[384]"/>
        <net name="design_1_i/UPAC_0_Match_Debug[383]"/>
        <net name="design_1_i/UPAC_0_Match_Debug[382]"/>
        <net name="design_1_i/UPAC_0_Match_Debug[381]"/>
        <net name="design_1_i/UPAC_0_Match_Debug[380]"/>
        <net name="design_1_i/UPAC_0_Match_Debug[379]"/>
        <net name="design_1_i/UPAC_0_Match_Debug[378]"/>
        <net name="design_1_i/UPAC_0_Match_Debug[377]"/>
        <net name="design_1_i/UPAC_0_Match_Debug[376]"/>
        <net name="design_1_i/UPAC_0_Match_Debug[375]"/>
        <net name="design_1_i/UPAC_0_Match_Debug[374]"/>
        <net name="design_1_i/UPAC_0_Match_Debug[373]"/>
        <net name="design_1_i/UPAC_0_Match_Debug[372]"/>
        <net name="design_1_i/UPAC_0_Match_Debug[371]"/>
        <net name="design_1_i/UPAC_0_Match_Debug[370]"/>
        <net name="design_1_i/UPAC_0_Match_Debug[369]"/>
        <net name="design_1_i/UPAC_0_Match_Debug[368]"/>
        <net name="design_1_i/UPAC_0_Match_Debug[367]"/>
        <net name="design_1_i/UPAC_0_Match_Debug[366]"/>
        <net name="design_1_i/UPAC_0_Match_Debug[365]"/>
        <net name="design_1_i/UPAC_0_Match_Debug[364]"/>
        <net name="design_1_i/UPAC_0_Match_Debug[363]"/>
        <net name="design_1_i/UPAC_0_Match_Debug[362]"/>
        <net name="design_1_i/UPAC_0_Match_Debug[361]"/>
        <net name="design_1_i/UPAC_0_Match_Debug[360]"/>
        <net name="design_1_i/UPAC_0_Match_Debug[359]"/>
        <net name="design_1_i/UPAC_0_Match_Debug[358]"/>
        <net name="design_1_i/UPAC_0_Match_Debug[357]"/>
        <net name="design_1_i/UPAC_0_Match_Debug[356]"/>
        <net name="design_1_i/UPAC_0_Match_Debug[355]"/>
        <net name="design_1_i/UPAC_0_Match_Debug[354]"/>
        <net name="design_1_i/UPAC_0_Match_Debug[353]"/>
        <net name="design_1_i/UPAC_0_Match_Debug[352]"/>
        <net name="design_1_i/UPAC_0_Match_Debug[351]"/>
        <net name="design_1_i/UPAC_0_Match_Debug[350]"/>
        <net name="design_1_i/UPAC_0_Match_Debug[349]"/>
        <net name="design_1_i/UPAC_0_Match_Debug[348]"/>
        <net name="design_1_i/UPAC_0_Match_Debug[347]"/>
        <net name="design_1_i/UPAC_0_Match_Debug[346]"/>
        <net name="design_1_i/UPAC_0_Match_Debug[345]"/>
        <net name="design_1_i/UPAC_0_Match_Debug[344]"/>
        <net name="design_1_i/UPAC_0_Match_Debug[343]"/>
        <net name="design_1_i/UPAC_0_Match_Debug[342]"/>
        <net name="design_1_i/UPAC_0_Match_Debug[341]"/>
        <net name="design_1_i/UPAC_0_Match_Debug[340]"/>
        <net name="design_1_i/UPAC_0_Match_Debug[339]"/>
        <net name="design_1_i/UPAC_0_Match_Debug[338]"/>
        <net name="design_1_i/UPAC_0_Match_Debug[337]"/>
        <net name="design_1_i/UPAC_0_Match_Debug[336]"/>
        <net name="design_1_i/UPAC_0_Match_Debug[335]"/>
        <net name="design_1_i/UPAC_0_Match_Debug[334]"/>
        <net name="design_1_i/UPAC_0_Match_Debug[333]"/>
        <net name="design_1_i/UPAC_0_Match_Debug[332]"/>
        <net name="design_1_i/UPAC_0_Match_Debug[331]"/>
        <net name="design_1_i/UPAC_0_Match_Debug[330]"/>
        <net name="design_1_i/UPAC_0_Match_Debug[329]"/>
        <net name="design_1_i/UPAC_0_Match_Debug[328]"/>
        <net name="design_1_i/UPAC_0_Match_Debug[327]"/>
        <net name="design_1_i/UPAC_0_Match_Debug[326]"/>
        <net name="design_1_i/UPAC_0_Match_Debug[325]"/>
        <net name="design_1_i/UPAC_0_Match_Debug[324]"/>
        <net name="design_1_i/UPAC_0_Match_Debug[323]"/>
        <net name="design_1_i/UPAC_0_Match_Debug[322]"/>
        <net name="design_1_i/UPAC_0_Match_Debug[321]"/>
        <net name="design_1_i/UPAC_0_Match_Debug[320]"/>
        <net name="design_1_i/UPAC_0_Match_Debug[319]"/>
        <net name="design_1_i/UPAC_0_Match_Debug[318]"/>
        <net name="design_1_i/UPAC_0_Match_Debug[317]"/>
        <net name="design_1_i/UPAC_0_Match_Debug[316]"/>
        <net name="design_1_i/UPAC_0_Match_Debug[315]"/>
        <net name="design_1_i/UPAC_0_Match_Debug[314]"/>
        <net name="design_1_i/UPAC_0_Match_Debug[313]"/>
        <net name="design_1_i/UPAC_0_Match_Debug[312]"/>
        <net name="design_1_i/UPAC_0_Match_Debug[311]"/>
        <net name="design_1_i/UPAC_0_Match_Debug[310]"/>
        <net name="design_1_i/UPAC_0_Match_Debug[309]"/>
        <net name="design_1_i/UPAC_0_Match_Debug[308]"/>
        <net name="design_1_i/UPAC_0_Match_Debug[307]"/>
        <net name="design_1_i/UPAC_0_Match_Debug[306]"/>
        <net name="design_1_i/UPAC_0_Match_Debug[305]"/>
        <net name="design_1_i/UPAC_0_Match_Debug[304]"/>
        <net name="design_1_i/UPAC_0_Match_Debug[303]"/>
        <net name="design_1_i/UPAC_0_Match_Debug[302]"/>
        <net name="design_1_i/UPAC_0_Match_Debug[301]"/>
        <net name="design_1_i/UPAC_0_Match_Debug[300]"/>
        <net name="design_1_i/UPAC_0_Match_Debug[299]"/>
        <net name="design_1_i/UPAC_0_Match_Debug[298]"/>
        <net name="design_1_i/UPAC_0_Match_Debug[297]"/>
        <net name="design_1_i/UPAC_0_Match_Debug[296]"/>
        <net name="design_1_i/UPAC_0_Match_Debug[295]"/>
        <net name="design_1_i/UPAC_0_Match_Debug[294]"/>
        <net name="design_1_i/UPAC_0_Match_Debug[293]"/>
        <net name="design_1_i/UPAC_0_Match_Debug[292]"/>
        <net name="design_1_i/UPAC_0_Match_Debug[291]"/>
        <net name="design_1_i/UPAC_0_Match_Debug[290]"/>
        <net name="design_1_i/UPAC_0_Match_Debug[289]"/>
        <net name="design_1_i/UPAC_0_Match_Debug[288]"/>
        <net name="design_1_i/UPAC_0_Match_Debug[287]"/>
        <net name="design_1_i/UPAC_0_Match_Debug[286]"/>
        <net name="design_1_i/UPAC_0_Match_Debug[285]"/>
        <net name="design_1_i/UPAC_0_Match_Debug[284]"/>
        <net name="design_1_i/UPAC_0_Match_Debug[283]"/>
        <net name="design_1_i/UPAC_0_Match_Debug[282]"/>
        <net name="design_1_i/UPAC_0_Match_Debug[281]"/>
        <net name="design_1_i/UPAC_0_Match_Debug[280]"/>
        <net name="design_1_i/UPAC_0_Match_Debug[279]"/>
        <net name="design_1_i/UPAC_0_Match_Debug[278]"/>
        <net name="design_1_i/UPAC_0_Match_Debug[277]"/>
        <net name="design_1_i/UPAC_0_Match_Debug[276]"/>
        <net name="design_1_i/UPAC_0_Match_Debug[275]"/>
        <net name="design_1_i/UPAC_0_Match_Debug[274]"/>
        <net name="design_1_i/UPAC_0_Match_Debug[273]"/>
        <net name="design_1_i/UPAC_0_Match_Debug[272]"/>
        <net name="design_1_i/UPAC_0_Match_Debug[271]"/>
        <net name="design_1_i/UPAC_0_Match_Debug[270]"/>
        <net name="design_1_i/UPAC_0_Match_Debug[269]"/>
        <net name="design_1_i/UPAC_0_Match_Debug[268]"/>
        <net name="design_1_i/UPAC_0_Match_Debug[267]"/>
        <net name="design_1_i/UPAC_0_Match_Debug[266]"/>
        <net name="design_1_i/UPAC_0_Match_Debug[265]"/>
        <net name="design_1_i/UPAC_0_Match_Debug[264]"/>
        <net name="design_1_i/UPAC_0_Match_Debug[263]"/>
        <net name="design_1_i/UPAC_0_Match_Debug[262]"/>
        <net name="design_1_i/UPAC_0_Match_Debug[261]"/>
        <net name="design_1_i/UPAC_0_Match_Debug[260]"/>
        <net name="design_1_i/UPAC_0_Match_Debug[259]"/>
        <net name="design_1_i/UPAC_0_Match_Debug[258]"/>
        <net name="design_1_i/UPAC_0_Match_Debug[257]"/>
        <net name="design_1_i/UPAC_0_Match_Debug[256]"/>
        <net name="design_1_i/UPAC_0_Match_Debug[255]"/>
        <net name="design_1_i/UPAC_0_Match_Debug[254]"/>
        <net name="design_1_i/UPAC_0_Match_Debug[253]"/>
        <net name="design_1_i/UPAC_0_Match_Debug[252]"/>
        <net name="design_1_i/UPAC_0_Match_Debug[251]"/>
        <net name="design_1_i/UPAC_0_Match_Debug[250]"/>
        <net name="design_1_i/UPAC_0_Match_Debug[249]"/>
        <net name="design_1_i/UPAC_0_Match_Debug[248]"/>
        <net name="design_1_i/UPAC_0_Match_Debug[247]"/>
        <net name="design_1_i/UPAC_0_Match_Debug[246]"/>
        <net name="design_1_i/UPAC_0_Match_Debug[245]"/>
        <net name="design_1_i/UPAC_0_Match_Debug[244]"/>
        <net name="design_1_i/UPAC_0_Match_Debug[243]"/>
        <net name="design_1_i/UPAC_0_Match_Debug[242]"/>
        <net name="design_1_i/UPAC_0_Match_Debug[241]"/>
        <net name="design_1_i/UPAC_0_Match_Debug[240]"/>
        <net name="design_1_i/UPAC_0_Match_Debug[239]"/>
        <net name="design_1_i/UPAC_0_Match_Debug[238]"/>
        <net name="design_1_i/UPAC_0_Match_Debug[237]"/>
        <net name="design_1_i/UPAC_0_Match_Debug[236]"/>
        <net name="design_1_i/UPAC_0_Match_Debug[235]"/>
        <net name="design_1_i/UPAC_0_Match_Debug[234]"/>
        <net name="design_1_i/UPAC_0_Match_Debug[233]"/>
        <net name="design_1_i/UPAC_0_Match_Debug[232]"/>
        <net name="design_1_i/UPAC_0_Match_Debug[231]"/>
        <net name="design_1_i/UPAC_0_Match_Debug[230]"/>
        <net name="design_1_i/UPAC_0_Match_Debug[229]"/>
        <net name="design_1_i/UPAC_0_Match_Debug[228]"/>
        <net name="design_1_i/UPAC_0_Match_Debug[227]"/>
        <net name="design_1_i/UPAC_0_Match_Debug[226]"/>
        <net name="design_1_i/UPAC_0_Match_Debug[225]"/>
        <net name="design_1_i/UPAC_0_Match_Debug[224]"/>
        <net name="design_1_i/UPAC_0_Match_Debug[223]"/>
        <net name="design_1_i/UPAC_0_Match_Debug[222]"/>
        <net name="design_1_i/UPAC_0_Match_Debug[221]"/>
        <net name="design_1_i/UPAC_0_Match_Debug[220]"/>
        <net name="design_1_i/UPAC_0_Match_Debug[219]"/>
        <net name="design_1_i/UPAC_0_Match_Debug[218]"/>
        <net name="design_1_i/UPAC_0_Match_Debug[217]"/>
        <net name="design_1_i/UPAC_0_Match_Debug[216]"/>
        <net name="design_1_i/UPAC_0_Match_Debug[215]"/>
        <net name="design_1_i/UPAC_0_Match_Debug[214]"/>
        <net name="design_1_i/UPAC_0_Match_Debug[213]"/>
        <net name="design_1_i/UPAC_0_Match_Debug[212]"/>
        <net name="design_1_i/UPAC_0_Match_Debug[211]"/>
        <net name="design_1_i/UPAC_0_Match_Debug[210]"/>
        <net name="design_1_i/UPAC_0_Match_Debug[209]"/>
        <net name="design_1_i/UPAC_0_Match_Debug[208]"/>
        <net name="design_1_i/UPAC_0_Match_Debug[207]"/>
        <net name="design_1_i/UPAC_0_Match_Debug[206]"/>
        <net name="design_1_i/UPAC_0_Match_Debug[205]"/>
        <net name="design_1_i/UPAC_0_Match_Debug[204]"/>
        <net name="design_1_i/UPAC_0_Match_Debug[203]"/>
        <net name="design_1_i/UPAC_0_Match_Debug[202]"/>
        <net name="design_1_i/UPAC_0_Match_Debug[201]"/>
        <net name="design_1_i/UPAC_0_Match_Debug[200]"/>
        <net name="design_1_i/UPAC_0_Match_Debug[199]"/>
        <net name="design_1_i/UPAC_0_Match_Debug[198]"/>
        <net name="design_1_i/UPAC_0_Match_Debug[197]"/>
        <net name="design_1_i/UPAC_0_Match_Debug[196]"/>
        <net name="design_1_i/UPAC_0_Match_Debug[195]"/>
        <net name="design_1_i/UPAC_0_Match_Debug[194]"/>
        <net name="design_1_i/UPAC_0_Match_Debug[193]"/>
        <net name="design_1_i/UPAC_0_Match_Debug[192]"/>
        <net name="design_1_i/UPAC_0_Match_Debug[191]"/>
        <net name="design_1_i/UPAC_0_Match_Debug[190]"/>
        <net name="design_1_i/UPAC_0_Match_Debug[189]"/>
        <net name="design_1_i/UPAC_0_Match_Debug[188]"/>
        <net name="design_1_i/UPAC_0_Match_Debug[187]"/>
        <net name="design_1_i/UPAC_0_Match_Debug[186]"/>
        <net name="design_1_i/UPAC_0_Match_Debug[185]"/>
        <net name="design_1_i/UPAC_0_Match_Debug[184]"/>
        <net name="design_1_i/UPAC_0_Match_Debug[183]"/>
        <net name="design_1_i/UPAC_0_Match_Debug[182]"/>
        <net name="design_1_i/UPAC_0_Match_Debug[181]"/>
        <net name="design_1_i/UPAC_0_Match_Debug[180]"/>
        <net name="design_1_i/UPAC_0_Match_Debug[179]"/>
        <net name="design_1_i/UPAC_0_Match_Debug[178]"/>
        <net name="design_1_i/UPAC_0_Match_Debug[177]"/>
        <net name="design_1_i/UPAC_0_Match_Debug[176]"/>
        <net name="design_1_i/UPAC_0_Match_Debug[175]"/>
        <net name="design_1_i/UPAC_0_Match_Debug[174]"/>
        <net name="design_1_i/UPAC_0_Match_Debug[173]"/>
        <net name="design_1_i/UPAC_0_Match_Debug[172]"/>
        <net name="design_1_i/UPAC_0_Match_Debug[171]"/>
        <net name="design_1_i/UPAC_0_Match_Debug[170]"/>
        <net name="design_1_i/UPAC_0_Match_Debug[169]"/>
        <net name="design_1_i/UPAC_0_Match_Debug[168]"/>
        <net name="design_1_i/UPAC_0_Match_Debug[167]"/>
        <net name="design_1_i/UPAC_0_Match_Debug[166]"/>
        <net name="design_1_i/UPAC_0_Match_Debug[165]"/>
        <net name="design_1_i/UPAC_0_Match_Debug[164]"/>
        <net name="design_1_i/UPAC_0_Match_Debug[163]"/>
        <net name="design_1_i/UPAC_0_Match_Debug[162]"/>
        <net name="design_1_i/UPAC_0_Match_Debug[161]"/>
        <net name="design_1_i/UPAC_0_Match_Debug[160]"/>
        <net name="design_1_i/UPAC_0_Match_Debug[159]"/>
        <net name="design_1_i/UPAC_0_Match_Debug[158]"/>
        <net name="design_1_i/UPAC_0_Match_Debug[157]"/>
        <net name="design_1_i/UPAC_0_Match_Debug[156]"/>
        <net name="design_1_i/UPAC_0_Match_Debug[155]"/>
        <net name="design_1_i/UPAC_0_Match_Debug[154]"/>
        <net name="design_1_i/UPAC_0_Match_Debug[153]"/>
        <net name="design_1_i/UPAC_0_Match_Debug[152]"/>
        <net name="design_1_i/UPAC_0_Match_Debug[151]"/>
        <net name="design_1_i/UPAC_0_Match_Debug[150]"/>
        <net name="design_1_i/UPAC_0_Match_Debug[149]"/>
        <net name="design_1_i/UPAC_0_Match_Debug[148]"/>
        <net name="design_1_i/UPAC_0_Match_Debug[147]"/>
        <net name="design_1_i/UPAC_0_Match_Debug[146]"/>
        <net name="design_1_i/UPAC_0_Match_Debug[145]"/>
        <net name="design_1_i/UPAC_0_Match_Debug[144]"/>
        <net name="design_1_i/UPAC_0_Match_Debug[143]"/>
        <net name="design_1_i/UPAC_0_Match_Debug[142]"/>
        <net name="design_1_i/UPAC_0_Match_Debug[141]"/>
        <net name="design_1_i/UPAC_0_Match_Debug[140]"/>
        <net name="design_1_i/UPAC_0_Match_Debug[139]"/>
        <net name="design_1_i/UPAC_0_Match_Debug[138]"/>
        <net name="design_1_i/UPAC_0_Match_Debug[137]"/>
        <net name="design_1_i/UPAC_0_Match_Debug[136]"/>
        <net name="design_1_i/UPAC_0_Match_Debug[135]"/>
        <net name="design_1_i/UPAC_0_Match_Debug[134]"/>
        <net name="design_1_i/UPAC_0_Match_Debug[133]"/>
        <net name="design_1_i/UPAC_0_Match_Debug[132]"/>
        <net name="design_1_i/UPAC_0_Match_Debug[131]"/>
        <net name="design_1_i/UPAC_0_Match_Debug[130]"/>
        <net name="design_1_i/UPAC_0_Match_Debug[129]"/>
        <net name="design_1_i/UPAC_0_Match_Debug[128]"/>
        <net name="design_1_i/UPAC_0_Match_Debug[127]"/>
        <net name="design_1_i/UPAC_0_Match_Debug[126]"/>
        <net name="design_1_i/UPAC_0_Match_Debug[125]"/>
        <net name="design_1_i/UPAC_0_Match_Debug[124]"/>
        <net name="design_1_i/UPAC_0_Match_Debug[123]"/>
        <net name="design_1_i/UPAC_0_Match_Debug[122]"/>
        <net name="design_1_i/UPAC_0_Match_Debug[121]"/>
        <net name="design_1_i/UPAC_0_Match_Debug[120]"/>
        <net name="design_1_i/UPAC_0_Match_Debug[119]"/>
        <net name="design_1_i/UPAC_0_Match_Debug[118]"/>
        <net name="design_1_i/UPAC_0_Match_Debug[117]"/>
        <net name="design_1_i/UPAC_0_Match_Debug[116]"/>
        <net name="design_1_i/UPAC_0_Match_Debug[115]"/>
        <net name="design_1_i/UPAC_0_Match_Debug[114]"/>
        <net name="design_1_i/UPAC_0_Match_Debug[113]"/>
        <net name="design_1_i/UPAC_0_Match_Debug[112]"/>
        <net name="design_1_i/UPAC_0_Match_Debug[111]"/>
        <net name="design_1_i/UPAC_0_Match_Debug[110]"/>
        <net name="design_1_i/UPAC_0_Match_Debug[109]"/>
        <net name="design_1_i/UPAC_0_Match_Debug[108]"/>
        <net name="design_1_i/UPAC_0_Match_Debug[107]"/>
        <net name="design_1_i/UPAC_0_Match_Debug[106]"/>
        <net name="design_1_i/UPAC_0_Match_Debug[105]"/>
        <net name="design_1_i/UPAC_0_Match_Debug[104]"/>
        <net name="design_1_i/UPAC_0_Match_Debug[103]"/>
        <net name="design_1_i/UPAC_0_Match_Debug[102]"/>
        <net name="design_1_i/UPAC_0_Match_Debug[101]"/>
        <net name="design_1_i/UPAC_0_Match_Debug[100]"/>
        <net name="design_1_i/UPAC_0_Match_Debug[99]"/>
        <net name="design_1_i/UPAC_0_Match_Debug[98]"/>
        <net name="design_1_i/UPAC_0_Match_Debug[97]"/>
        <net name="design_1_i/UPAC_0_Match_Debug[96]"/>
        <net name="design_1_i/UPAC_0_Match_Debug[95]"/>
        <net name="design_1_i/UPAC_0_Match_Debug[94]"/>
        <net name="design_1_i/UPAC_0_Match_Debug[93]"/>
        <net name="design_1_i/UPAC_0_Match_Debug[92]"/>
        <net name="design_1_i/UPAC_0_Match_Debug[91]"/>
        <net name="design_1_i/UPAC_0_Match_Debug[90]"/>
        <net name="design_1_i/UPAC_0_Match_Debug[89]"/>
        <net name="design_1_i/UPAC_0_Match_Debug[88]"/>
        <net name="design_1_i/UPAC_0_Match_Debug[87]"/>
        <net name="design_1_i/UPAC_0_Match_Debug[86]"/>
        <net name="design_1_i/UPAC_0_Match_Debug[85]"/>
        <net name="design_1_i/UPAC_0_Match_Debug[84]"/>
        <net name="design_1_i/UPAC_0_Match_Debug[83]"/>
        <net name="design_1_i/UPAC_0_Match_Debug[82]"/>
        <net name="design_1_i/UPAC_0_Match_Debug[81]"/>
        <net name="design_1_i/UPAC_0_Match_Debug[80]"/>
        <net name="design_1_i/UPAC_0_Match_Debug[79]"/>
        <net name="design_1_i/UPAC_0_Match_Debug[78]"/>
        <net name="design_1_i/UPAC_0_Match_Debug[77]"/>
        <net name="design_1_i/UPAC_0_Match_Debug[76]"/>
        <net name="design_1_i/UPAC_0_Match_Debug[75]"/>
        <net name="design_1_i/UPAC_0_Match_Debug[74]"/>
        <net name="design_1_i/UPAC_0_Match_Debug[73]"/>
        <net name="design_1_i/UPAC_0_Match_Debug[72]"/>
        <net name="design_1_i/UPAC_0_Match_Debug[71]"/>
        <net name="design_1_i/UPAC_0_Match_Debug[70]"/>
        <net name="design_1_i/UPAC_0_Match_Debug[69]"/>
        <net name="design_1_i/UPAC_0_Match_Debug[68]"/>
        <net name="design_1_i/UPAC_0_Match_Debug[67]"/>
        <net name="design_1_i/UPAC_0_Match_Debug[66]"/>
        <net name="design_1_i/UPAC_0_Match_Debug[65]"/>
        <net name="design_1_i/UPAC_0_Match_Debug[64]"/>
        <net name="design_1_i/UPAC_0_Match_Debug[63]"/>
        <net name="design_1_i/UPAC_0_Match_Debug[62]"/>
        <net name="design_1_i/UPAC_0_Match_Debug[61]"/>
        <net name="design_1_i/UPAC_0_Match_Debug[60]"/>
        <net name="design_1_i/UPAC_0_Match_Debug[59]"/>
        <net name="design_1_i/UPAC_0_Match_Debug[58]"/>
        <net name="design_1_i/UPAC_0_Match_Debug[57]"/>
        <net name="design_1_i/UPAC_0_Match_Debug[56]"/>
        <net name="design_1_i/UPAC_0_Match_Debug[55]"/>
        <net name="design_1_i/UPAC_0_Match_Debug[54]"/>
        <net name="design_1_i/UPAC_0_Match_Debug[53]"/>
        <net name="design_1_i/UPAC_0_Match_Debug[52]"/>
        <net name="design_1_i/UPAC_0_Match_Debug[51]"/>
        <net name="design_1_i/UPAC_0_Match_Debug[50]"/>
        <net name="design_1_i/UPAC_0_Match_Debug[49]"/>
        <net name="design_1_i/UPAC_0_Match_Debug[48]"/>
        <net name="design_1_i/UPAC_0_Match_Debug[47]"/>
        <net name="design_1_i/UPAC_0_Match_Debug[46]"/>
        <net name="design_1_i/UPAC_0_Match_Debug[45]"/>
        <net name="design_1_i/UPAC_0_Match_Debug[44]"/>
        <net name="design_1_i/UPAC_0_Match_Debug[43]"/>
        <net name="design_1_i/UPAC_0_Match_Debug[42]"/>
        <net name="design_1_i/UPAC_0_Match_Debug[41]"/>
        <net name="design_1_i/UPAC_0_Match_Debug[40]"/>
        <net name="design_1_i/UPAC_0_Match_Debug[39]"/>
        <net name="design_1_i/UPAC_0_Match_Debug[38]"/>
        <net name="design_1_i/UPAC_0_Match_Debug[37]"/>
        <net name="design_1_i/UPAC_0_Match_Debug[36]"/>
        <net name="design_1_i/UPAC_0_Match_Debug[35]"/>
        <net name="design_1_i/UPAC_0_Match_Debug[34]"/>
        <net name="design_1_i/UPAC_0_Match_Debug[33]"/>
        <net name="design_1_i/UPAC_0_Match_Debug[32]"/>
        <net name="design_1_i/UPAC_0_Match_Debug[31]"/>
        <net name="design_1_i/UPAC_0_Match_Debug[30]"/>
        <net name="design_1_i/UPAC_0_Match_Debug[29]"/>
        <net name="design_1_i/UPAC_0_Match_Debug[28]"/>
        <net name="design_1_i/UPAC_0_Match_Debug[27]"/>
        <net name="design_1_i/UPAC_0_Match_Debug[26]"/>
        <net name="design_1_i/UPAC_0_Match_Debug[25]"/>
        <net name="design_1_i/UPAC_0_Match_Debug[24]"/>
        <net name="design_1_i/UPAC_0_Match_Debug[23]"/>
        <net name="design_1_i/UPAC_0_Match_Debug[22]"/>
        <net name="design_1_i/UPAC_0_Match_Debug[21]"/>
        <net name="design_1_i/UPAC_0_Match_Debug[20]"/>
        <net name="design_1_i/UPAC_0_Match_Debug[19]"/>
        <net name="design_1_i/UPAC_0_Match_Debug[18]"/>
        <net name="design_1_i/UPAC_0_Match_Debug[17]"/>
        <net name="design_1_i/UPAC_0_Match_Debug[16]"/>
        <net name="design_1_i/UPAC_0_Match_Debug[15]"/>
        <net name="design_1_i/UPAC_0_Match_Debug[14]"/>
        <net name="design_1_i/UPAC_0_Match_Debug[13]"/>
        <net name="design_1_i/UPAC_0_Match_Debug[12]"/>
        <net name="design_1_i/UPAC_0_Match_Debug[11]"/>
        <net name="design_1_i/UPAC_0_Match_Debug[10]"/>
        <net name="design_1_i/UPAC_0_Match_Debug[9]"/>
        <net name="design_1_i/UPAC_0_Match_Debug[8]"/>
        <net name="design_1_i/UPAC_0_Match_Debug[7]"/>
        <net name="design_1_i/UPAC_0_Match_Debug[6]"/>
        <net name="design_1_i/UPAC_0_Match_Debug[5]"/>
        <net name="design_1_i/UPAC_0_Match_Debug[4]"/>
        <net name="design_1_i/UPAC_0_Match_Debug[3]"/>
        <net name="design_1_i/UPAC_0_Match_Debug[2]"/>
        <net name="design_1_i/UPAC_0_Match_Debug[1]"/>
        <net name="design_1_i/UPAC_0_Match_Debug[0]"/>
      </nets>
    </probe>
    <probe type="ila" busType="net" source="netlist" spec="ILA_V2_RT">
      <probeOptions Id="DebugProbeParams">
        <Option Id="CAPTURE_COMPARE_VALUE" value="eq5&apos;hXX"/>
        <Option Id="COMPARE_VALUE.0" value="eq5&apos;hXX"/>
        <Option Id="DISPLAY_HINT" value=""/>
        <Option Id="DISPLAY_VISIBILITY" value=""/>
        <Option Id="HW_ILA" value="hw_ila_1"/>
        <Option Id="MAP" value="probe2[4:0]"/>
        <Option Id="NAME.CUSTOM" value=""/>
        <Option Id="NAME.SELECT" value="Long"/>
        <Option Id="SOURCE" value="netlist"/>
        <Option Id="TRIGGER_COMPARE_VALUE" value="eq5&apos;hXX"/>
      </probeOptions>
      <nets>
        <net name="design_1_i/UPAC_0_count[4]"/>
        <net name="design_1_i/UPAC_0_count[3]"/>
        <net name="design_1_i/UPAC_0_count[2]"/>
        <net name="design_1_i/UPAC_0_count[1]"/>
        <net name="design_1_i/UPAC_0_count[0]"/>
      </nets>
    </probe>
    <probe type="ila" busType="net" source="netlist" spec="ILA_V2_RT">
      <probeOptions Id="DebugProbeParams">
        <Option Id="CAPTURE_COMPARE_VALUE" value="eq1&apos;bX"/>
        <Option Id="COMPARE_VALUE.0" value="eq1&apos;bX"/>
        <Option Id="DISPLAY_HINT" value=""/>
        <Option Id="DISPLAY_VISIBILITY" value=""/>
        <Option Id="HW_ILA" value="hw_ila_1"/>
        <Option Id="MAP" value="probe1[0]"/>
        <Option Id="NAME.CUSTOM" value=""/>
        <Option Id="NAME.SELECT" value="Long"/>
        <Option Id="SOURCE" value="netlist"/>
        <Option Id="TRIGGER_COMPARE_VALUE" value="eq1&apos;bX"/>
      </probeOptions>
      <nets>
        <net name="design_1_i/UPAC_0_sync"/>
      </nets>
    </probe>
    <probe type="ila" busType="net" source="netlist" spec="ILA_V2_RT">
      <probeOptions Id="DebugProbeParams">
        <Option Id="CAPTURE_COMPARE_VALUE" value="eq1&apos;bX"/>
        <Option Id="COMPARE_VALUE.0" value="eq1&apos;bX"/>
        <Option Id="DISPLAY_HINT" value=""/>
        <Option Id="DISPLAY_VISIBILITY" value=""/>
        <Option Id="HW_ILA" value="hw_ila_1"/>
        <Option Id="MAP" value="probe1[0]"/>
        <Option Id="NAME.CUSTOM" value=""/>
        <Option Id="NAME.SELECT" value="Long"/>
        <Option Id="SOURCE" value="netlist"/>
        <Option Id="TRIGGER_COMPARE_VALUE" value="eq1&apos;bX"/>
      </probeOptions>
      <nets>
        <net name="design_1_i/processing_system7_0_FCLK_CLK1"/>
      </nets>
    </probe>
    <probe type="ila" busType="net" source="user" spec="ILA_V2_RT">
      <probeOptions Id="DebugProbeParams">
        <Option Id="CAPTURE_COMPARE_VALUE" value="eq1&apos;bX"/>
        <Option Id="CELL_HINT" value="design_1_i/ila_0"/>
        <Option Id="COMPARE_VALUE.0" value="eq1&apos;bX"/>
        <Option Id="DISPLAY_HINT" value=""/>
        <Option Id="DISPLAY_VISIBILITY" value=""/>
        <Option Id="HW_ILA" value="hw_ila_1"/>
        <Option Id="MAP" value="probe1[0]"/>
        <Option Id="NAME.CUSTOM" value=""/>
        <Option Id="NAME.SELECT" value="Long"/>
        <Option Id="SOURCE" value="user"/>
        <Option Id="TRIGGER_COMPARE_VALUE" value="eq1&apos;bX"/>
      </probeOptions>
      <nets>
        <net name="user_probe_0"/>
      </nets>
    </probe>
  </probeset>
</hwsession>
