<?xml version="1.0" encoding="UTF-8"?>
<project>
  <core name="" type="" target="">
    <kernel name="CalculatePhase" language="c" vlnv="xilinx.com:hls:CalculatePhase:1.0" attributes="" hash="" preferredWorkGroupSizeMultiple="0" workGroupSize="1" debug="false">
      <port name="S_AXI_CRTLS" mode="slave" range="0x1000" dataWidth="32" portType="addressable" base="0x00000000"/>
      <arg name="T_X" addressQualifier="0" id="0" port="S_AXI_CRTLS" size="0x4" offset="0x18" hostOffset="0x0" hostSize="0x4" type="float"/>
      <arg name="T_Y" addressQualifier="0" id="1" port="S_AXI_CRTLS" size="0x4" offset="0x20" hostOffset="0x0" hostSize="0x4" type="float"/>
      <arg name="T_Z" addressQualifier="0" id="2" port="S_AXI_CRTLS" size="0x4" offset="0x28" hostOffset="0x0" hostSize="0x4" type="float"/>
      <arg name="Offset" addressQualifier="0" id="3" port="S_AXI_CRTLS" size="0x4" offset="0x30" hostOffset="0x0" hostSize="0x4" type="char"/>
      <compileWorkGroupSize x="1" y="1" z="1"/>
    </kernel>
  </core>
</project>
